Player,Team,Int,Yds,Avg,Lg,TD,Solo,Ast,Tot,Sack,YdsL
Kyle Fuller,CHI,7,52,7.43,35,0,45,10,55,0,0
Xavien Howard,MIA,7,52,7.43,39,0,25,10,35,0,0
Damontae Kazee,ATL,7,54,7.71,33,0,60,22,82,0,0
Eddie Jackson,CHI,6,81,13.5,41t,2,41,10,51,1,2
Alec Ogletree,NYG,5,61,12.2,20,2,58,35,93,1,8
Shawn Williams,CIN,5,131,26.2,58t,1,81,29,110,1,0
Duron Harmon,NE,4,0,0,0,0,32,6,38,0,0
Donte Jackson,CAR,4,0,0,0,0,63,11,74,1,8
Kevin Byard,TEN,4,1,0.25,1,0,62,28,90,2,18
Jordan Poyer,BUF,4,11,2.75,11,0,74,26,100,2,15
Andrew Adams,TB,4,34,8.5,16,0,29,9,38,0,0
D.J. Swearinger,WAS,4,34,8.5,22,0,41,10,51,1,6
Trumaine Johnson,NYJ,4,38,9.5,31t,1,35,5,40,0,0
John Johnson,LA,4,46,11.5,35,0,82,37,119,0,0
Steven Nelson,KC,4,53,13.25,35,0,58,10,68,0,0
Damarious Randall,CLE,4,59,14.75,50,0,72,13,85,0,0
Curtis Riley,NYG,4,67,16.75,46,1,63,12,75,0,0
Jalen Ramsey,JAX,3,0,0,0,0,62,3,65,0,0
Marcus Gilchrist,OAK,3,2,0.67,2,0,40,18,58,0,0
Andre Hal,HOU,3,2,0.67,2,0,6,7,13,0,0
Brian Poole,ATL,3,2,0.67,2,0,53,21,74,3,27
Justin Simmons,DEN,3,8,2.67,8,0,71,26,97,0,0
Tre Boston,ARI,3,9,3,9,0,66,13,79,0,0
J.C. Jackson,NE,3,9,3,9,0,22,2,24,0,0
Mike Adams,CAR,3,11,3.67,18,0,47,28,75,0,0
Rasul Douglas,PHI,3,14,4.67,17,0,48,10,58,0,0
Ha Ha Clinton-Dix,WAS,3,25,8.33,24,0,80,13,93,1,5
Earl Thomas,SEA,3,25,8.33,25,0,16,6,22,0,0
Denzel Ward,CLE,3,26,8.67,26,0,41,12,53,0,0
Kiko Alonso,MIA,3,30,10,15,0,79,46,125,0,0
Derwin James,LAC,3,30,10,23,0,75,30,105,3.5,17
Anthony Harris,MIN,3,33,11,33,0,34,12,46,0,0
Jonathan Jones,NE,3,34,11.33,28,0,44,12,56,1.5,11
Bradley McDougald,SEA,3,39,13,39,0,66,12,78,0,0
Quandre Diggs,DET,3,41,13.67,37t,1,64,14,78,0,0
T.J. McDonald,MIA,3,41,13.67,31,0,63,23,86,0,0
Matt Milano,BUF,3,41,13.67,29,0,52,26,78,1,8
Jessie Bates III,CIN,3,42,14,21t,1,73,38,111,0,0
Cory Littleton,LA,3,48,16,22,1,90,35,125,4,43
Kenny Moore,IND,3,52,17.33,32,0,63,14,77,1.5,13
Prince Amukamara,CHI,3,58,19.33,49t,1,57,9,66,0,0
Gareon Conley,OAK,3,64,21.33,36t,1,24,13,37,0,0
Harrison Smith,MIN,3,66,22,52,0,67,17,84,3,37
Chris Harris,DEN,3,68,22.67,53t,1,40,9,49,1,9
Desmond King,LAC,3,75,25,42t,1,47,15,62,0,0
Josh Norman,WAS,3,79,26.33,40,0,41,23,64,0,0
Darron Lee,NYJ,3,82,27.33,36t,1,43,31,74,0,0
Malcolm Butler,TEN,3,90,30,56t,1,60,9,69,1,9
Marcus Peters,LA,3,107,35.67,50t,1,33,10,43,0,0
Darius Slay,DET,3,107,35.67,67t,1,40,2,42,0,0
Reshad Jones,MIA,3,109,36.33,54,1,57,14,71,0,0
Justin Reid,HOU,3,128,42.67,101t,1,70,18,88,0,0
Chris Banjo,NO,2,0,0,0,0,8,2,10,0,0
Kendall Fuller,KC,2,0,0,0,0,64,18,82,0,0
Stephon Gilmore,NE,2,0,0,0,0,40,5,45,1,7
Joe Haden,PIT,2,0,0,0,0,51,12,63,0,0
Marlon Humphrey,BAL,2,0,0,0,0,31,6,37,0,0
Marshon Lattimore,NO,2,0,0,0,0,49,10,59,0,0
Reggie Nelson,OAK,2,0,0,0,0,25,4,29,0,0
Patrick Peterson,ARI,2,0,0,0,0,45,9,54,1,0
Eric Kendricks,MIN,2,3,1.5,3,0,63,45,108,1,12
Darian Stewart,DEN,2,3,1.5,3,0,46,14,60,1,4.5
Mason Foster,WAS,2,4,2,4,0,81,50,131,1,7
Jimmy Smith,BAL,2,4,2,4,0,34,11,45,0,0
Tyrann Mathieu,HOU,2,6,3,6,0,70,19,89,3,20
Troy Hill,LA,2,7,3.5,7,0,29,5,34,0,0
Adoree' Jackson,TEN,2,7,3.5,7,0,67,6,73,0,0
B.J. Goodson,NYG,2,8,4,5,0,44,17,61,0.5,4
Shaquill Griffin,SEA,2,8,4,8,0,55,7,62,0,0
Lorenzo Alexander,BUF,2,9,4.5,8,0,56,18,74,6.5,40.5
Bryce Callahan,CHI,2,12,6,12,0,39,6,45,2,12
Danny Trevathan,CHI,2,12,6,12,0,76,26,102,2,6
Xavier Woods,DAL,2,15,7.5,15,0,39,17,56,0,0
Micah Hyde,BUF,2,16,8,16,0,41,17,58,0,0
Morris Claiborne,NYJ,2,17,8.5,17t,1,44,13,57,0,0
Christian Kirksey,CLE,2,17,8.5,13,0,29,14,43,0,0
Tremaine Edmunds,BUF,2,19,9.5,17,0,80,41,121,2,4
Preston Brown,CIN,2,20,10,18,0,27,15,42,0,0
Quinton Dunbar,WAS,2,21,10.5,24,0,35,4,39,0,0
Erik Harris,OAK,2,22,11,21,0,36,13,49,0,0
Avonte Maddox,PHI,2,23,11.5,23,0,28,7,35,0.5,1
Kareem Jackson,HOU,2,24,12,13,0,70,17,87,1,13
Brandon Carr,BAL,2,26,13,32,0,39,6,45,0,0
Michael Thomas,NYG,2,26,13,26,0,40,17,57,1,8
Adrian Amos,CHI,2,27,13.5,26,0,59,13,72,1,2
Eli Apple,NO,2,29,14.5,29,0,62,13,75,0,0
Janoris Jenkins,NYG,2,29,14.5,29,0,59,11,70,0,0
Ron Parker,KC,2,33,16.5,33t,1,64,12,76,1,6
Telvin Smith,JAX,2,33,16.5,33t,1,100,34,134,1,9
Malik Hooker,IND,2,34,17,27,0,30,14,44,0,0
Tre'Davious White,BUF,2,37,18.5,37,0,44,10,54,0,0
Darius Leonard,IND,2,38,19,28,0,111,52,163,7,48
Johnathan Joseph,HOU,2,46,23,28t,1,49,9,58,0,0
Bashaud Breeland,GB,2,48,24,26,1,16,4,20,0,0
Leighton Vander Esch,DAL,2,56,28,28,0,102,38,140,0,0
Deion Jones,ATL,2,61,30.5,41t,1,34,19,53,1,4
Minkah Fitzpatrick,MIA,2,64,32,50t,1,51,29,80,0,0
Marcus Williams,NO,2,100,50,78,0,49,10,59,1,6
Derrick Kindred,CLE,1,-2,-2,0,0,33,12,45,0,0
Walt Aikens,MIA,1,0,0,0,0,8,3,11,0,0
Chidobe Awuzie,DAL,1,0,0,0,0,57,14,71,0,0
Ja'Whaun Bentley,NE,1,0,0,0,0,9,5,14,0,0
T.J. Carrie,CLE,1,0,0,0,0,58,16,74,1,9
Justin Coleman,SEA,1,0,0,0,0,41,14,55,0.5,5.5
Jamie Collins,CLE,1,0,0,0,0,73,31,104,4,17
Blake Countess,LA,1,0,0,0,0,7,1,8,0,0
Justin Evans,TB,1,0,0,0,0,43,16,59,0,0
E.J. Gaines,CLE,1,0,0,0,0,11,2,13,0,0
Shelby Harris,DEN,1,0,0,0,0,23,16,39,1.5,12.5
Mike Hilton,PIT,1,0,0,0,0,44,13,57,1,6
Taron Johnson,BUF,1,0,0,0,0,34,8,42,1,6
Adam Jones,DEN,1,0,0,0,0,9,0,9,0,0
Kevin King,GB,1,0,0,0,0,14,3,17,0,0
Luke Kuechly,CAR,1,0,0,0,0,92,38,130,2,8
Bobby McCain,MIA,1,0,0,0,0,49,11,60,2,14
Jason McCourty,NE,1,0,0,0,0,54,16,70,0,0
Benardrick McKinney,HOU,1,0,0,0,0,63,42,105,1.5,7.5
Sherrick McManis,CHI,1,0,0,0,0,24,2,26,1,7
Terrance Mitchell,CLE,1,0,0,0,0,34,4,38,0,0
Corey Moore,IND,1,0,0,0,0,7,5,12,0,0
C.J. Mosley,BAL,1,0,0,0,0,70,35,105,0.5,0.5
Eric Murray,KC,1,0,0,0,0,43,12,55,0,0
Efe Obada,CAR,1,0,0,0,0,6,2,8,2,18
Isaiah Oliver,ATL,1,0,0,0,0,20,3,23,0,0
Jabrill Peppers,CLE,1,0,0,0,0,52,27,79,1,11
Adrian Phillips,LAC,1,0,0,0,0,65,29,94,0,0
Denzel Rice,BUF,1,0,0,0,0,5,1,6,0,0
Nickell Robey,LA,1,0,0,0,0,25,12,37,0,0
Bradley Roby,DEN,1,0,0,0,0,45,5,50,0,0
Orlando Scandrick,KC,1,0,0,0,0,38,6,44,0,0
Joe Schobert,CLE,1,0,0,0,0,56,46,102,3,20
Ryan Smith,TB,1,0,0,0,0,31,7,38,0,0
Cameron Sutton,PIT,1,0,0,0,0,20,2,22,0,0
Dymonte Thomas,DEN,1,0,0,0,0,8,4,12,1,6
Tedric Thompson,SEA,1,0,0,0,0,41,16,57,0,0
Kenny Vaccaro,TEN,1,0,0,0,0,41,17,58,2,2
Kyle Van Noy,NE,1,0,0,0,0,55,37,92,3.5,28
Tracy Walker,DET,1,0,0,0,0,19,2,21,0,0
B.W. Webb,NYG,1,0,0,0,0,52,7,59,1,12
Tahir Whitehead,OAK,1,0,0,0,0,89,37,126,0,0
Quincy Wilson,IND,1,0,0,0,0,20,8,28,0,0
Tavon Young,BAL,1,0,0,0,0,35,2,37,2,7
Anthony Brown,DAL,1,1,1,1,0,38,6,44,2,15
Pierre Desir,IND,1,1,1,1,0,60,19,79,0,0
Alex Anzalone,NO,1,2,2,2,0,45,14,59,2,10
Patrick Chung,NE,1,2,2,2,0,52,32,84,0.5,5
Holton Hill,MIN,1,2,2,2,0,30,6,36,0,0
Captain Munnerlyn,CAR,1,2,2,2,0,38,9,47,2,10
Derek Wolfe,DEN,1,2,2,2,0,30,12,42,1.5,13.5
Xavier Rhodes,MIN,1,3,3,3,0,41,6,47,0,0
Darryl Roberts,NYJ,1,3,3,3,0,41,7,48,0,0
Preston Smith,WAS,1,3,3,3,0,30,23,53,4,32.5
Justin Houston,KC,1,4,4,4,0,28,9,37,9,56.5
Isaac Rochell,LAC,1,4,4,4,0,18,11,29,5,38
Isaac Yiadom,DEN,1,4,4,4,0,17,3,20,0,0
Chuck Clark,BAL,1,5,5,5,0,16,6,22,0,0
Colin Jones,CAR,1,5,5,5,0,8,12,20,0,0
Karl Joseph,OAK,1,5,5,5,0,34,14,48,2,9
Lamarcus Joyner,LA,1,5,5,5,0,58,20,78,1,11
Jack Crawford,ATL,1,6,6,6,0,19,15,34,5.5,30
Isaiah Johnson,TB,1,6,6,6,0,40,8,48,0,0
A.J. Klein,NO,1,6,6,6,0,42,28,70,2,13
Jordan Evans,CIN,1,7,7,7,0,40,21,61,1.5,0
Matthias Farley,IND,1,7,7,7,0,11,8,19,0,0
Jourdan Lewis,DAL,1,7,7,7,0,10,2,12,0,0
Adarius Taylor,TB,1,7,7,7,0,41,19,60,1,1
Nate Gerry,PHI,1,8,8,8,0,14,9,23,0,0
Tashaun Gipson,JAX,1,8,8,8,0,44,10,54,0,0
Melvin Ingram,LAC,1,8,8,8,0,28,15,43,7,54.5
Brennan Scarlett,HOU,1,8,8,8,0,12,6,18,0,0
A.J. Bouye,JAX,1,9,9,9,0,46,8,54,0,0
Kyzir White,LAC,1,9,9,9,0,12,5,17,0,0
Alvin Dupree,PIT,1,10,10,10t,1,30,12,42,5.5,39.5
D.J. Hayden,JAX,1,10,10,10,0,39,7,46,1,6
Barry Church,JAX,1,11,11,11,0,32,6,38,1,10
William Parks,DEN,1,11,11,11,0,25,16,41,0,0
Anthony Walker,IND,1,11,11,11,0,69,36,105,1,6
Demarcus Lawrence,DAL,1,13,13,13,0,43,21,64,10.5,74
Ronnie Harrison,JAX,1,14,14,14,0,24,8,32,1,9
George Odum,IND,1,14,14,14,0,22,15,37,0,0
Tony Jefferson,BAL,1,15,15,15,0,53,21,74,1,7
Rashaan Melvin,OAK,1,15,15,15,0,52,4,56,0,0
Ronald Darby,PHI,1,16,16,16,0,39,4,43,0,0
Najee Goode,IND,1,16,16,16,0,7,9,16,0,0
Anthony Levine,BAL,1,16,16,16,0,23,5,28,1,2
Fabian Moreau,WAS,1,16,16,16,0,37,21,58,0,0
Denzel Perryman,LAC,1,16,16,16,0,30,21,51,0,0
Daryl Worley,OAK,1,16,16,16,0,30,3,33,0,0
Vince Williams,PIT,1,17,17,17t,1,50,25,75,4.5,30.5
Jahleel Addae,LAC,1,19,19,19,0,52,23,75,1,13
Leonard Floyd,CHI,1,19,19,19t,1,34,13,47,4,32
Todd Davis,DEN,1,20,20,20t,1,80,34,114,0.5,0
Chris Jones,KC,1,20,20,20t,1,35,5,40,15.5,122
Aaron Lynch,CHI,1,20,20,20,0,13,3,16,3,6
Bene Benwikere,OAK,1,21,21,21,0,41,13,54,0.5,7.5
Jayon Brown,TEN,1,22,22,22t,1,64,33,97,6,25
Michael Johnson,CIN,1,22,22,22t,1,18,14,32,0.5,0
Sam Shields,LA,1,22,22,22,0,18,4,22,0,0
Roquan Smith,CHI,1,22,22,22,0,89,32,121,5,37
Greg Stroman,WAS,1,23,23,23,0,31,7,38,0,0
Jaquiski Tartt,SF,1,23,23,23,0,32,10,42,0,0
Deshazor Everett,WAS,1,24,24,24,0,17,9,26,0,0
Kamu Grugier-Hill,PHI,1,24,24,24,0,33,12,45,1,6
Trae Waynes,MIN,1,24,24,24,0,34,10,44,0,0
David Amerson,ARI,1,25,25,25,0,17,4,21,0,0
Jerome Baker,MIA,1,25,25,25t,1,57,23,80,3,28
Samson Ebukam,LA,1,25,25,25t,1,25,15,40,3,11
Malcolm Jenkins,PHI,1,25,25,25,0,79,18,97,1,6
Frank Clark,SEA,1,26,26,26,0,33,8,41,13,52.5
Jaire Alexander,GB,1,27,27,27,0,61,5,66,0.5,3
Sean Davis,PIT,1,27,27,27,0,59,21,80,0,0
Dont'a Hightower,NE,1,27,27,27,0,24,25,49,1,9
Khalil Mack,CHI,1,27,27,27t,1,37,10,47,12.5,78
Ricardo Allen,ATL,1,28,28,28,0,14,3,17,0,0
Mike Hughes,MIN,1,28,28,28t,1,19,3,22,0,0
James Bradberry,CAR,1,29,29,29,0,58,12,70,1,9
Corey Graham,PHI,1,29,29,29,0,43,13,56,0,0
Aqib Talib,LA,1,30,30,30,0,18,5,23,0,0
Antone Exum,SF,1,32,32,32t,1,34,6,40,1,6
Myles Jack,JAX,1,32,32,32t,1,75,32,107,2.5,15
Patrick Onwuasor,BAL,1,33,33,33,0,37,22,59,5.5,43.5
Terrell Edmunds,PIT,1,35,35,35,0,55,23,78,1,9
Avery Williamson,NYJ,1,36,36,36,0,79,40,119,3,21
Jamal Adams,NYJ,1,38,38,38,0,86,29,115,3.5,24
Zach Cunningham,HOU,1,38,38,38t,1,73,34,107,0,0
Eric Reid,CAR,1,39,39,39,0,50,21,71,1,6
Von Miller,DEN,1,42,42,42,0,29,19,48,14.5,88
P.J. Williams,NO,1,45,45,45t,1,44,9,53,1,10
Michael Mitchell,IND,1,47,47,47,0,22,6,28,0,0
Jeff Heath,DAL,1,49,49,49,0,63,22,85,0,0
Jordan Lucas,KC,1,49,49,49,0,22,10,32,1,9
Javien Elliott,TB,1,50,50,50,0,22,2,24,0,0
Daniel Sorensen,KC,1,54,54,54t,1,14,12,26,0,0
Reggie Ragland,KC,1,67,67,67,0,47,39,86,0.5,3.5
Justin Hardee,NO,1,77,77,77,0,17,2,19,0,0
Devin McCourty,NE,1,84,84,84t,1,59,23,82,0,0
Trevor Williams,LAC,1,86,86,86,0,19,4,23,0,0
Bobby Wagner,SEA,1,98,98,98t,1,84,54,138,1,9
Marcus Maye,NYJ,1,104,104,104,0,30,4,34,0.5,3
Ameer Abdullah,MIN,0,0,0,0,0,1,0,1,0,0
Sam Acho,CHI,0,0,0,0,0,1,0,1,0,0
Davante Adams,GB,0,0,0,0,0,1,0,1,0,0
Josh Adams,PHI,0,0,0,0,0,1,1,2,0,0
Matthew Adams,IND,0,0,0,0,0,23,10,33,0,0
Montravius Adams,GB,0,0,0,0,0,11,9,20,1.5,3.5
Tyrell Adams,HOU,0,0,0,0,0,1,2,3,0,0
Mario Addison,CAR,0,0,0,0,0,20,16,36,9,54
Olasunkanmi Adeniyi,PIT,0,0,0,0,0,0,1,1,0,0
Nelson Agholor,PHI,0,0,0,0,0,2,0,2,0,0
Jamal Agnew,DET,0,0,0,0,0,7,0,7,0,0
Jay Ajayi,PHI,0,0,0,0,0,2,0,2,0,0
Jordan Akins,HOU,0,0,0,0,0,1,0,1,0,0
Adonis Alexander,WAS,0,0,0,0,0,4,0,4,0,0
D.J. Alexander,PHI,0,0,0,0,0,3,1,4,0,0
Kwon Alexander,TB,0,0,0,0,0,34,11,45,1,0
Maurice Alexander,SEA,0,0,0,0,0,9,1,10,0,0
Mackensie Alexander,MIN,0,0,0,0,0,36,7,43,4,32
Robert Alford,ATL,0,0,0,0,0,43,7,50,0,0
Mo Alie-Cox,IND,0,0,0,0,0,1,0,1,0,0
Beau Allen,TB,0,0,0,0,0,15,5,20,0,0
Brian Allen,PIT,0,0,0,0,0,1,0,1,0,0
Chase Allen,MIA,0,0,0,0,0,0,3,3,0,0
Dwayne Allen,NE,0,0,0,0,0,0,1,1,0,0
Javorius Allen,BAL,0,0,0,0,0,5,1,6,0,0
Jonathan Allen,WAS,0,0,0,0,0,35,26,61,8,61
Josh Allen,BUF,0,0,0,0,0,1,0,1,0,0
Keenan Allen,LAC,0,0,0,0,0,3,0,3,0,0
Marcus Allen,PIT,0,0,0,0,0,1,1,2,0,0
Ryan Allen,NE,0,0,0,0,0,0,1,1,0,0
Tyson Alualu,PIT,0,0,0,0,0,12,10,22,0,0
Danny Amendola,MIA,0,0,0,0,0,1,0,1,0,0
C.J. Anderson,LA,0,0,0,0,0,1,0,1,0,0
Henry Anderson,NYJ,0,0,0,0,0,22,13,35,7,59.5
Robby Anderson,NYJ,0,0,0,0,0,4,0,4,0,0
Ryan Anderson,WAS,0,0,0,0,0,7,11,18,2,4
Mark Andrews,BAL,0,0,0,0,0,1,0,1,0,0
Bryan Anger,TB,0,0,0,0,0,2,0,2,0,0
Eli Ankou,JAX,0,0,0,0,0,2,2,4,0,0
Ezekiel Ansah,DET,0,0,0,0,0,7,4,11,4,26
Stephone Anthony,MIA,0,0,0,0,0,3,5,8,0,0
Troy Apke,WAS,0,0,0,0,0,1,0,1,0,0
Alex Armah,CAR,0,0,0,0,0,1,1,2,0,0
Thurston Armbrister,ARI,0,0,0,0,0,1,0,1,0,0
Arik Armstead,SF,0,0,0,0,0,33,15,48,3,19
Cornell Armstrong,MIA,0,0,0,0,0,8,0,8,0,0
Dorance Armstrong,DAL,0,0,0,0,0,8,5,13,0.5,1
Ray-Ray Armstrong,CLE,0,0,0,0,0,16,10,26,0,0
Cameron Artis-Payne,CAR,0,0,0,0,0,0,1,1,0,0
Geno Atkins,CIN,0,0,0,0,0,24,21,45,10,55
John Atkins,DET,0,0,0,0,0,1,1,2,0,0
Jeremiah Attaochu,NYJ,0,0,0,0,0,7,2,9,2,15
Antony Auclair,TB,0,0,0,0,0,1,0,1,0,0
Denico Autry,IND,0,0,0,0,0,28,9,37,9,58
Anthony Averett,BAL,0,0,0,0,0,5,0,5,0,0
Genard Avery,CLE,0,0,0,0,0,30,10,40,4.5,26.5
Johnson Bademosi,HOU,0,0,0,0,0,7,3,10,0,0
Michael Badgley,LAC,0,0,0,0,0,1,1,2,0,0
Allen Bailey,KC,0,0,0,0,0,27,11,38,6,32
Dan Bailey,MIN,0,0,0,0,0,1,0,1,0,0
Budda Baker,ARI,0,0,0,0,0,79,24,103,2,20.5
David Bakhtiari,GB,0,0,0,0,0,1,0,1,0,0
Kalen Ballage,MIA,0,0,0,0,0,4,0,4,0,0
Peyton Barber,TB,0,0,0,0,0,2,0,2,0,0
Saquon Barkley,NYG,0,0,0,0,0,1,0,1,0,0
Joe Barksdale,ARI,0,0,0,0,0,1,0,1,0,0
Kenjon Barner,CAR,0,0,0,0,0,1,0,1,0,0
Derek Barnett,PHI,0,0,0,0,0,11,5,16,2.5,26.5
Anthony Barr,MIN,0,0,0,0,0,39,16,55,3,22
Shaquil Barrett,DEN,0,0,0,0,0,22,6,28,3,38
Mark Barron,LA,0,0,0,0,0,43,17,60,1,10
Connor Barwin,NYG,0,0,0,0,0,6,6,12,1,5
Tarell Basham,NYJ,0,0,0,0,0,6,2,8,0,0
Daren Bates,TEN,0,0,0,0,0,8,2,10,0,0
Trevor Bates,DET,0,0,0,0,0,1,2,3,0,0
Cameron Batson,TEN,0,0,0,0,0,1,0,1,0,0
De'Vante Bausby,PHI,0,0,0,0,0,12,2,14,0,0
Vic Beasley,ATL,0,0,0,0,0,16,4,20,5,36
C.J. Beathard,SF,0,0,0,0,0,2,0,2,0,0
Odell Beckham Jr.,NYG,0,0,0,0,0,2,0,2,0,0
Chad Beebe,MIN,0,0,0,0,0,1,0,1,0,0
Blake Bell,JAX,0,0,0,0,0,1,0,1,0,0
Brandon Bell,CIN,0,0,0,0,0,2,2,4,0,0
Byron Bell,GB,0,0,0,0,0,2,0,2,0,0
Vonn Bell,NO,0,0,0,0,0,63,26,89,1,9
Josh Bellamy,CHI,0,0,0,0,0,4,0,4,0,0
B.J. Bello,PHI,0,0,0,0,0,1,1,2,0,0
Nick Bellore,DET,0,0,0,0,0,7,2,9,0,0
Kelvin Benjamin,BUF,0,0,0,0,0,1,0,1,0,0
Travis Benjamin,LAC,0,0,0,0,0,1,0,1,0,0
Michael Bennett,PHI,0,0,0,0,0,25,9,34,9,75
Michael Bennett,ATL,0,0,0,0,0,4,1,5,0,0
Nat Berhe,PIT,0,0,0,0,0,2,1,3,0,0
Giovani Bernard,CIN,0,0,0,0,0,1,0,1,0,0
Eric Berry,KC,0,0,0,0,0,8,3,11,0,0
Antoine Bethea,ARI,0,0,0,0,0,101,21,122,3,21
Justin Bethel,ATL,0,0,0,0,0,12,2,14,0,0
Kapri Bibbs,GB,0,0,0,0,0,2,0,2,0,0
Vince Biegel,NO,0,0,0,0,0,3,1,4,0,0
Keishawn Bierria,DEN,0,0,0,0,0,3,2,5,0,0
Andrew Billings,CIN,0,0,0,0,0,22,10,32,2.5,14.5
Joel Bitonio,CLE,0,0,0,0,0,1,0,1,0,0
Angelo Blackson,HOU,0,0,0,0,0,18,6,24,1,7
Ronald Blair,SF,0,0,0,0,0,24,12,36,5.5,43
Alfred Blue,HOU,0,0,0,0,0,1,0,1,0,0
Chris Board,BAL,0,0,0,0,0,8,4,12,0,0
Briean Boddy-Calhoun,CLE,0,0,0,0,0,44,12,56,0,0
Russell Bodine,BUF,0,0,0,0,0,1,0,1,0,0
Brandon Bolden,MIA,0,0,0,0,0,4,2,6,0,0
Victor Bolden,SF,0,0,0,0,0,1,0,1,0,0
Clint Boling,CIN,0,0,0,0,0,0,1,1,0,0
Garett Bolles,DEN,0,0,0,0,0,1,0,1,0,0
Devante Bond,TB,0,0,0,0,0,16,6,22,0,0
Devontae Booker,DEN,0,0,0,0,0,2,2,4,0,0
Blake Bortles,JAX,0,0,0,0,0,1,0,1,0,0
Joey Bosa,LAC,0,0,0,0,0,18,5,23,5.5,42.5
Matt Bosher,ATL,0,0,0,0,0,3,1,4,0,0
Jonathan Bostic,PIT,0,0,0,0,0,46,27,73,2.5,15.5
Chris Boswell,PIT,0,0,0,0,0,2,0,2,0,0
Kendrick Bourne,SF,0,0,0,0,0,1,0,1,0,0
Tashawn Bower,MIN,0,0,0,0,0,4,2,6,0,0
Tyus Bowser,BAL,0,0,0,0,0,6,5,11,0.5,2
Tyler Boyd,CIN,0,0,0,0,0,2,0,2,0,0
Nick Boyle,BAL,0,0,0,0,0,2,0,2,0,0
Nigel Bradham,PHI,0,0,0,0,0,67,30,97,2,9
Hunter Bradley,GB,0,0,0,0,0,1,0,1,0,0
Tom Brady,NE,0,0,0,0,0,1,0,1,0,0
Andre Branch,MIA,0,0,0,0,0,18,8,26,2,16
Caleb Brantley,WAS,0,0,0,0,0,1,0,1,0,0
Cameron Brate,TB,0,0,0,0,0,1,0,1,0,0
Ben Braunecker,CHI,0,0,0,0,0,4,0,4,0,0
Matt Breida,SF,0,0,0,0,0,1,0,1,0,0
Jake Brendel,MIA,0,0,0,0,0,1,0,1,0,0
Aaron Brewer,ARI,0,0,0,0,0,1,0,1,0,0
Kentrell Brice,GB,0,0,0,0,0,40,10,50,1,0
Beau Brinkley,TEN,0,0,0,0,0,4,1,5,0,0
Justin Britt,SEA,0,0,0,0,0,1,0,1,0,0
Tramaine Brock,DEN,0,0,0,0,0,19,4,23,0,0
Michael Brockers,LA,0,0,0,0,0,33,21,54,1,3
Jay Bromley,NO,0,0,0,0,0,3,1,4,0,0
Brandon Brooks,PHI,0,0,0,0,0,1,0,1,0,0
Terrence Brooks,NYJ,0,0,0,0,0,9,1,10,0,0
Kentrell Brothers,MIN,0,0,0,0,0,7,3,10,1,13
Antonio Brown,PIT,0,0,0,0,0,3,0,3,0,0
Blair Brown,JAX,0,0,0,0,0,2,0,2,0,0
Daniel Brown,CHI,0,0,0,0,0,0,2,2,0,0
Fadol Brown,GB,0,0,0,0,0,16,4,20,0,0
Jaron Brown,SEA,0,0,0,0,0,1,1,2,0,0
Jamon Brown,NYG,0,0,0,0,0,1,0,1,0,0
Jatavis Brown,LAC,0,0,0,0,0,61,36,97,1,8
John Brown,BAL,0,0,0,0,0,1,0,1,0,0
Malcom Brown,NE,0,0,0,0,0,17,21,38,0,0
Malcolm Brown,LA,0,0,0,0,0,2,0,2,0,0
Noah Brown,DAL,0,0,0,0,0,5,0,5,0,0
Tony Brown,GB,0,0,0,0,0,30,4,34,0,0
Zach Brown,WAS,0,0,0,0,0,69,27,96,1,5
Taven Bryan,JAX,0,0,0,0,0,13,7,20,1,4
Martavis Bryant,OAK,0,0,0,0,0,1,0,1,0,0
Deone Bucannon,ARI,0,0,0,0,0,30,8,38,1,8
DeForest Buckner,SF,0,0,0,0,0,44,23,67,12,71
Jonathan Bullard,CHI,0,0,0,0,0,13,5,18,0,0
Riley Bullough,TB,0,0,0,0,0,9,5,14,0,0
Vontaze Burfict,CIN,0,0,0,0,0,16,17,33,0,0
James Burgess,CLE,0,0,0,0,0,6,2,8,0,0
Rex Burkhead,NE,0,0,0,0,0,2,1,3,0,0
Oren Burks,GB,0,0,0,0,0,18,6,24,0,0
Morgan Burnett,PIT,0,0,0,0,0,17,13,30,0,0
Artie Burns,PIT,0,0,0,0,0,17,5,22,0,0
Juston Burris,CLE,0,0,0,0,0,2,0,2,0,0
Deante Burton,HOU,0,0,0,0,0,4,1,5,0,0
Michael Burton,CHI,0,0,0,0,0,0,1,1,0,0
Trey Burton,CHI,0,0,0,0,0,1,0,1,0,0
Deon Bush,CHI,0,0,0,0,0,8,0,8,1,7
Rafael Bush,BUF,0,0,0,0,0,30,15,45,1.5,9.5
Harrison Butker,KC,0,0,0,0,0,1,1,2,0,0
Adam Butler,NE,0,0,0,0,0,8,9,17,3,22
Vernon Butler,CAR,0,0,0,0,0,6,13,19,0.5,4
Jake Butt,DEN,0,0,0,0,0,1,0,1,0,0
Josh Bynes,ARI,0,0,0,0,0,52,23,75,2,22
Damiere Byrd,CAR,0,0,0,0,0,0,1,1,0,0
Jason Cabinda,OAK,0,0,0,0,0,14,7,21,0,0
Shilique Calhoun,OAK,0,0,0,0,0,6,6,12,0,0
Austin Calitro,SEA,0,0,0,0,0,32,13,45,0.5,3
Antonio Callaway,CLE,0,0,0,0,0,1,0,1,0,0
Calais Campbell,JAX,0,0,0,0,0,54,19,73,10.5,73.5
De'Vondre Campbell,ATL,0,0,0,0,0,63,31,94,1.5,13.5
Ibraheim Campbell,GB,0,0,0,0,0,16,3,19,0,0
Kameron Canaday,PIT,0,0,0,0,0,0,1,1,0,0
Maurice Canady,BAL,0,0,0,0,0,5,0,5,0,0
A.J. Cann,JAX,0,0,0,0,0,1,0,1,0,0
Marcus Cannon,NE,0,0,0,0,0,1,0,1,0,0
Trenton Cannon,NYJ,0,0,0,0,0,8,1,9,0,0
Joe Cardona,NE,0,0,0,0,0,1,0,1,0,0
Daniel Carlson,OAK,0,0,0,0,0,1,1,2,0,0
James Carpenter,NYJ,0,0,0,0,0,1,0,1,0,0
Cornellius Carradine,OAK,0,0,0,0,0,1,0,1,0,0
Derek Carrier,OAK,0,0,0,0,0,7,2,9,0,0
Leonte Carroo,MIA,0,0,0,0,0,2,0,2,0,0
Chris Carson,SEA,0,0,0,0,0,1,0,1,0,0
Tra Carson,GB,0,0,0,0,0,3,0,3,0,0
Bruce Carter,ATL,0,0,0,0,0,16,5,21,0,0
Jermaine Carter,CAR,0,0,0,0,0,7,6,13,0,0
Lorenzo Carter,NYG,0,0,0,0,0,30,13,43,4,19
Jurrell Casey,TEN,0,0,0,0,0,36,26,62,7,47.5
Chandler Catanzaro,CAR,0,0,0,0,0,1,0,1,0,0
Garrett Celek,SF,0,0,0,0,0,5,0,5,0,0
Sean Chandler,NYG,0,0,0,0,0,16,2,18,1,1
D.J. Chark,JAX,0,0,0,0,0,5,0,5,0,0
Orson Charles,CLE,0,0,0,0,0,3,2,5,0,0
Taco Charlton,DAL,0,0,0,0,0,13,14,27,1,13
Jehu Chesson,WAS,0,0,0,0,0,1,2,3,0,0
Anthony Chickillo,PIT,0,0,0,0,0,12,12,24,1.5,10.5
Marqui Christian,LA,0,0,0,0,0,28,8,36,0,0
Bradley Chubb,DEN,0,0,0,0,0,42,17,59,12,83
Nick Chubb,CLE,0,0,0,0,0,3,3,6,0,0
Jack Cichy,TB,0,0,0,0,0,3,1,4,0,0
Chris Clark,CAR,0,0,0,0,0,1,0,1,0,0
Kenny Clark,GB,0,0,0,0,0,36,19,55,6,43
Kaelin Clay,NYG,0,0,0,0,0,1,0,1,0,0
Adrian Clayborn,NE,0,0,0,0,0,9,2,11,2.5,26.5
Corey Clement,PHI,0,0,0,0,0,2,1,3,0,0
Jadeveon Clowney,HOU,0,0,0,0,0,37,9,46,9,74.5
Sammie Coates,HOU,0,0,0,0,0,1,3,4,0,0
Randall Cobb,GB,0,0,0,0,0,1,0,1,0,0
Adrian Colbert,SF,0,0,0,0,0,15,6,21,0,0
Dylan Cole,HOU,0,0,0,0,0,13,0,13,0,0
Mason Cole,ARI,0,0,0,0,0,2,0,2,0,0
Derrick Coleman,ARI,0,0,0,0,0,6,1,7,0,0
Kurt Coleman,NO,0,0,0,0,0,22,10,32,0,0
Trevon Coley,CLE,0,0,0,0,0,18,22,40,0.5,2
Alex Collins,BAL,0,0,0,0,0,1,0,1,0,0
Landon Collins,NYG,0,0,0,0,0,67,29,96,0,0
La'el Collins,DAL,0,0,0,0,0,1,0,1,0,0
Maliek Collins,DAL,0,0,0,0,0,12,7,19,3,24
Aaron Colvin,HOU,0,0,0,0,0,22,7,29,0,0
Tom Compton,MIN,0,0,0,0,0,0,1,1,0,0
Will Compton,TEN,0,0,0,0,0,9,7,16,0,0
Tyler Conklin,MIN,0,0,0,0,0,1,0,1,0,0
Chris Conley,KC,0,0,0,0,0,1,0,1,0,0
James Conner,PIT,0,0,0,0,0,3,0,3,0,0
Christopher Conte,TB,0,0,0,0,0,10,4,14,0,0
Dalvin Cook,MIN,0,0,0,0,0,1,0,1,0,0
Jared Cook,OAK,0,0,0,0,0,2,0,2,0,0
Brandin Cooks,LA,0,0,0,0,0,1,0,1,0,0
Amari Cooper,DAL,0,0,0,0,0,1,0,1,0,0
Jonathan Cooper,WAS,0,0,0,0,0,0,1,1,0,0
Marcus Cooper,DET,0,0,0,0,0,1,0,1,0,0
Brandon Copeland,NYJ,0,0,0,0,0,24,11,35,5,39
Cody Core,CIN,0,0,0,0,0,2,1,3,0,0
Kamalei Correa,TEN,0,0,0,0,0,12,7,19,3.5,19
Christian Covington,HOU,0,0,0,0,0,8,7,15,3.5,21
Chris Covington,DAL,0,0,0,0,0,1,0,1,0,0
Bryan Cox,CAR,0,0,0,0,0,4,6,10,0,0
Fletcher Cox,PHI,0,0,0,0,0,33,13,46,10.5,68.5
Morgan Cox,BAL,0,0,0,0,0,1,0,1,0,0
Brock Coyle,SF,0,0,0,0,0,4,2,6,0,0
Michael Crabtree,BAL,0,0,0,0,0,1,0,1,0,0
River Cracraft,DEN,0,0,0,0,0,0,1,1,0,0
Su'a Cravens,DEN,0,0,0,0,0,11,7,18,0,0
James Crawford,GB,0,0,0,0,0,8,1,9,0,0
Tyrone Crawford,DAL,0,0,0,0,0,17,17,34,5.5,28
Ken Crawley,NO,0,0,0,0,0,28,3,31,0,0
Jason Croom,BUF,0,0,0,0,0,3,0,3,0,0
Alan Cross,TB,0,0,0,0,0,3,0,3,0,0
Keion Crossen,NE,0,0,0,0,0,14,0,14,0,0
Isaiah Crowell,NYJ,0,0,0,0,0,1,0,1,0,0
Dane Cruikshank,TEN,0,0,0,0,0,10,1,11,0,0
Benny Cunningham,CHI,0,0,0,0,0,5,0,5,0,0
Vinny Curry,TB,0,0,0,0,0,15,6,21,2.5,17
Andy Dalton,CIN,0,0,0,0,0,2,0,2,0,0
Jordan Dangerfield,PIT,0,0,0,0,0,6,1,7,0,0
Chase Daniel,CHI,0,0,0,0,0,0,1,1,0,0
Darrell Daniels,ARI,0,0,0,0,0,3,0,3,0,0
James Daniels,CHI,0,0,0,0,0,2,0,2,0,0
Mike Daniels,GB,0,0,0,0,0,10,8,18,2,10
Marcell Dareus,JAX,0,0,0,0,0,23,9,32,1,0
Sam Darnold,NYJ,0,0,0,0,0,1,0,1,0,0
Matt Darr,BUF,0,0,0,0,0,1,0,1,0,0
Marcus Davenport,NO,0,0,0,0,0,12,10,22,4.5,31.5
Lavonte David,TB,0,0,0,0,0,94,26,120,3.5,14.5
Carl Davis,CLE,0,0,0,0,0,0,1,1,0,0
Carlton Davis,TB,0,0,0,0,0,36,4,40,0,0
Cody Davis,JAX,0,0,0,0,0,5,5,10,0,0
Corey Davis,TEN,0,0,0,0,0,1,0,1,0,0
Demario Davis,NO,0,0,0,0,0,74,36,110,5,43
Geremy Davis,LAC,0,0,0,0,0,3,5,8,0,0
Jarrad Davis,DET,0,0,0,0,0,73,28,101,6,45
Jalen Davis,MIA,0,0,0,0,0,5,1,6,1,5
Jawill Davis,NYG,0,0,0,0,0,2,0,2,0,0
Justin Davis,LA,0,0,0,0,0,3,0,3,0,0
Keionta Davis,NE,0,0,0,0,0,5,1,6,0,0
Mike Davis,SEA,0,0,0,0,0,1,0,1,0,0
Michael Davis,LAC,0,0,0,0,0,40,10,50,0,0
Tae Davis,NYG,0,0,0,0,0,26,6,32,2,11
Thomas Davis,CAR,0,0,0,0,0,46,34,80,0,0
Trevor Davis,GB,0,0,0,0,0,2,0,2,0,0
Vontae Davis,BUF,0,0,0,0,0,1,0,1,0,0
Tyeler Davison,NO,0,0,0,0,0,8,15,23,2,10
Dion Dawkins,BUF,0,0,0,0,0,2,0,2,0,0
Sheldon Day,SF,0,0,0,0,0,9,2,11,2,13
Matt Dayes,SF,0,0,0,0,0,1,1,2,0,0
Donte Deayon,NYG,0,0,0,0,0,4,2,6,0,0
David DeCastro,PIT,0,0,0,0,0,1,0,1,0,0
Taylor Decker,DET,0,0,0,0,0,1,0,1,0,0
Nick DeLuca,JAX,0,0,0,0,0,11,1,12,1,5
Darqueze Dennard,CIN,0,0,0,0,0,54,14,68,0,0
John Denney,MIA,0,0,0,0,0,1,3,4,0,0
Zak DeOssie,NYG,0,0,0,0,0,3,0,3,0,0
A.J. Derby,MIA,0,0,0,0,0,1,0,1,0,0
Seth Devalve,CLE,0,0,0,0,0,2,1,3,0,0
James Develin,NE,0,0,0,0,0,4,2,6,0,0
Matt Dickerson,TEN,0,0,0,0,0,2,1,3,0,0
Ed Dickson,SEA,0,0,0,0,0,1,0,1,0,0
Gehrig Dieter,KC,0,0,0,0,0,1,0,1,0,0
Stefon Diggs,MIN,0,0,0,0,0,1,0,1,0,0
Patrick DiMarco,BUF,0,0,0,0,0,5,0,5,0,0
Riley Dixon,NYG,0,0,0,0,0,2,0,2,0,0
Josh Doctson,WAS,0,0,0,0,0,2,0,2,0,0
Aaron Donald,LA,0,0,0,0,0,41,18,59,20.5,183.5
Vontarrius Dora,ARI,0,0,0,0,0,2,1,3,0,0
Phillip Dorsett,NE,0,0,0,0,0,1,0,1,0,0
Lorenzo Doss,CAR,0,0,0,0,0,1,0,1,0,0
Devante Downs,MIN,0,0,0,0,0,2,1,3,0,0
Jack Doyle,IND,0,0,0,0,0,2,0,2,0,0
Kenyan Drake,MIA,0,0,0,0,0,1,0,1,0,0
Carlos Dunlap,CIN,0,0,0,0,0,31,16,47,8,32
Brandon Dunn,HOU,0,0,0,0,0,13,11,24,0,0
Ross Dwelley,SF,0,0,0,0,0,1,0,1,0,0
Nick Dzubnar,LAC,0,0,0,0,0,6,4,10,0,0
Kony Ealy,OAK,0,0,0,0,0,0,2,2,0,0
Dominique Easley,LA,0,0,0,0,0,4,0,4,0,0
Nate Ebner,NE,0,0,0,0,0,4,9,13,0,0
Eric Ebron,IND,0,0,0,0,0,1,0,1,0,0
Julian Edelman,NE,0,0,0,0,0,2,1,3,0,0
Chase Edmonds,ARI,0,0,0,0,0,9,0,9,0,0
Gus Edwards,BAL,0,0,0,0,0,1,0,1,0,0
Mario Edwards Jr.,NYG,0,0,0,0,0,12,2,14,2,17
Duke Ejiofor,HOU,0,0,0,0,0,6,3,9,1,8
Austin Ekeler,LAC,0,0,0,0,0,9,0,9,0,0
Corn Elder,CAR,0,0,0,0,0,3,0,3,0,0
Ukeme Eligwe,NYG,0,0,0,0,0,4,3,7,0,0
Bruce Ellington,DET,0,0,0,0,0,1,0,1,0,0
Ezekiel Elliott,DAL,0,0,0,0,0,2,0,2,0,0
Justin Ellis,OAK,0,0,0,0,0,3,4,7,0,0
Rhett Ellison,NYG,0,0,0,0,0,2,0,2,0,0
Kyle Emanuel,LAC,0,0,0,0,0,21,9,30,1,0
Alex Erickson,CIN,0,0,0,0,0,4,0,4,0,0
Mike Evans,TB,0,0,0,0,0,3,0,3,0,0
Rashaan Evans,TEN,0,0,0,0,0,33,20,53,0,0
Kyler Fackrell,GB,0,0,0,0,0,29,13,42,10.5,69.5
Brandon Facyson,LAC,0,0,0,0,0,2,1,3,0,0
Ka'imi Fairbairn,HOU,0,0,0,0,0,1,0,1,0,0
Clayton Fejedelem,CIN,0,0,0,0,0,23,12,35,0,0
Jon Feliciano,OAK,0,0,0,0,0,1,0,1,0,0
Darren Fells,CLE,0,0,0,0,0,0,1,1,0,0
Reid Ferguson,BUF,0,0,0,0,0,2,1,3,0,0
Sam Ficken,LA,0,0,0,0,0,1,0,1,0,0
Sharif Finch,TEN,0,0,0,0,0,20,7,27,1.5,14.5
Anthony Firkser,TEN,0,0,0,0,0,1,0,1,0,0
Eric Fisher,KC,0,0,0,0,0,1,0,1,0,0
Larry Fitzgerald,ARI,0,0,0,0,0,3,0,3,0,0
Ereck Flowers,JAX,0,0,0,0,0,2,0,2,0,0
Marquis Flowers,DET,0,0,0,0,0,1,1,2,0,0
Trey Flowers,NE,0,0,0,0,0,32,24,56,7.5,60
Tre Flowers,SEA,0,0,0,0,0,55,12,67,0,0
David Fluellen,TEN,0,0,0,0,0,3,0,3,0,0
Nick Foles,PHI,0,0,0,0,0,1,0,1,0,0
Dee Ford,KC,0,0,0,0,0,42,12,54,13,71.5
Johnathan Ford,ARI,0,0,0,0,0,7,2,9,0,0
Mike Ford,DET,0,0,0,0,0,24,1,25,0,0
Poona Ford,SEA,0,0,0,0,0,13,8,21,0,0
L.J. Fort,PIT,0,0,0,0,0,38,10,48,1,7
Ramon Foster,PIT,0,0,0,0,0,1,0,1,0,0
Reuben Foster,SF,0,0,0,0,0,25,4,29,0,0
Robert Foster,BUF,0,0,0,0,0,3,0,3,0,0
Bennie Fowler,NYG,0,0,0,0,0,1,0,1,0,0
Dante Fowler Jr.,LA,0,0,0,0,0,22,7,29,4,34
Zaire Franklin,IND,0,0,0,0,0,14,15,29,0,0
John Franklin-Myers,LA,0,0,0,0,0,6,4,10,2,14
Jordan Franks,CIN,0,0,0,0,0,1,0,1,0,0
Kavon Frazier,DAL,0,0,0,0,0,15,8,23,1,11
Devin Funchess,CAR,0,0,0,0,0,1,0,1,0,0
Blaine Gabbert,TEN,0,0,0,0,0,2,0,2,0,0
Taylor Gabriel,CHI,0,0,0,0,0,2,0,2,0,0
Russell Gage,ATL,0,0,0,0,0,6,1,7,0,0
Phillip Gaines,CLE,0,0,0,0,0,31,8,39,0,0
Wayne Gallman,NYG,0,0,0,0,0,1,0,1,0,0
Pierre Garcon,SF,0,0,0,0,0,3,0,3,0,0
Dennis Gardeck,ARI,0,0,0,0,0,7,0,7,0,0
Ben Garland,ATL,0,0,0,0,0,1,0,1,0,0
Myles Garrett,CLE,0,0,0,0,0,35,9,44,13.5,81.5
Terence Garvin,SF,0,0,0,0,0,0,1,1,0,0
Rashaan Gaulden,CAR,0,0,0,0,0,12,5,17,0,0
Clayton Geathers,IND,0,0,0,0,0,61,28,89,0,0
Ben Gedeon,MIN,0,0,0,0,0,29,24,53,0,0
Mike Gesicki,MIA,0,0,0,0,0,1,0,1,0,0
William Gholston,TB,0,0,0,0,0,7,3,10,1,5
Shelton Gibson,PHI,0,0,0,0,0,1,0,1,0,0
Reggie Gilbert,GB,0,0,0,0,0,27,11,38,2.5,22
Mike Gillislee,NO,0,0,0,0,0,3,0,3,0,0
Ted Ginn Jr.,NO,0,0,0,0,0,1,0,1,0,0
Ryan Glasgow,CIN,0,0,0,0,0,6,5,11,0,0
Mark Glowinski,IND,0,0,0,0,0,2,0,2,0,0
Davon Godchaux,MIA,0,0,0,0,0,31,17,48,1,8
Chris Godwin,TB,0,0,0,0,0,5,0,5,0,0
Dallas Goedert,PHI,0,0,0,0,0,2,1,3,0,0
Markus Golden,ARI,0,0,0,0,0,25,4,29,2.5,17
Eddie Goldman,CHI,0,0,0,0,0,27,13,40,3,21
Kenny Golladay,DET,0,0,0,0,0,2,0,2,0,0
Denzelle Good,OAK,0,0,0,0,0,1,0,1,0,0
C.J. Goodwin,DAL,0,0,0,0,0,1,0,1,0,0
Marquise Goodwin,SF,0,0,0,0,0,3,0,3,0,0
Josh Gordon,CLE,0,0,0,0,0,1,0,1,0,0
Colby Gossett,ARI,0,0,0,0,0,1,0,1,0,0
Adam Gotsis,DEN,0,0,0,0,0,25,13,38,3,17
Brandon Graham,PHI,0,0,0,0,0,31,8,39,4,22
Jakeem Grant,MIA,0,0,0,0,0,1,0,1,0,0
J.T. Gray,NO,0,0,0,0,0,1,1,2,0,0
Rasheem Green,SEA,0,0,0,0,0,7,2,9,1,6
Raven Greene,GB,0,0,0,0,0,4,1,5,1,12
Randy Gregory,DAL,0,0,0,0,0,18,6,24,6,26
Everson Griffen,MIN,0,0,0,0,0,22,11,33,5.5,32.5
Shaquem Griffin,SEA,0,0,0,0,0,8,3,11,0,0
Nicholas Grigsby,NE,0,0,0,0,0,7,3,10,0,0
Brent Grimes,TB,0,0,0,0,0,42,6,48,0,0
Geneo Grissom,NE,0,0,0,0,0,0,1,1,0,0
Rob Gronkowski,NE,0,0,0,0,0,0,1,1,0,0
Ryan Groy,BUF,0,0,0,0,0,2,0,2,0,0
Rodney Gunter,ARI,0,0,0,0,0,32,11,43,4.5,32
Todd Gurley,LA,0,0,0,0,0,1,0,1,0,0
Lawrence Guy,NE,0,0,0,0,0,25,35,60,1,9
Matt Haack,MIA,0,0,0,0,0,1,0,1,0,0
Bryce Hager,LA,0,0,0,0,0,10,4,14,0,0
Nate Hairston,IND,0,0,0,0,0,25,5,30,0,0
Grant Haley,NYG,0,0,0,0,0,29,4,33,0,0
Daeshon Hall,PHI,0,0,0,0,0,2,1,3,0.5,1
Deiondre' Hall,PHI,0,0,0,0,0,3,1,4,0,0
Leon Hall,OAK,0,0,0,0,0,22,3,25,0,0
Marvin Hall,ATL,0,0,0,0,0,2,2,4,0,0
P.J. Hall,OAK,0,0,0,0,0,16,6,22,0,0
C.J. Ham,MIN,0,0,0,0,0,0,4,4,0,0
Antonio Hamilton,NYG,0,0,0,0,0,5,1,6,0,0
DaeSean Hamilton,DEN,0,0,0,0,0,1,1,2,0,0
Shaun Dion Hamilton,WAS,0,0,0,0,0,19,8,27,1.5,7
Da'Shawn Hand,DET,0,0,0,0,0,22,5,27,3,14
Johnathan Hankins,OAK,0,0,0,0,0,21,15,36,0,0
Justin Hardy,ATL,0,0,0,0,0,4,0,4,0,0
Javon Hargrave,PIT,0,0,0,0,0,32,17,49,6.5,32.5
Vernon Hargreaves III,TB,0,0,0,0,0,6,1,7,0,0
Eli Harold,DET,0,0,0,0,0,8,2,10,4,33
Charles Harris,MIA,0,0,0,0,0,8,11,19,1,2
Clark Harris,CIN,0,0,0,0,0,1,2,3,0,0
Davontae Harris,CIN,0,0,0,0,0,1,0,1,0,0
Demetrius Harris,KC,0,0,0,0,0,2,1,3,0,0
De'Vante Harris,TB,0,0,0,0,0,9,1,10,0,0
Dwayne Harris,OAK,0,0,0,0,0,8,7,15,0,0
Maurice Harris,WAS,0,0,0,0,0,1,0,1,0,0
Marcell Harris,SF,0,0,0,0,0,24,10,34,0,0
Damon Harrison,DET,0,0,0,0,0,52,29,81,3.5,15
Desmond Harrison,CLE,0,0,0,0,0,1,0,1,0,0
Bobby Hart,CIN,0,0,0,0,0,1,0,1,0,0
Josh Harvey-Clemons,WAS,0,0,0,0,0,18,4,22,1,7
Keon Hatcher,OAK,0,0,0,0,0,0,1,1,0,0
Dominique Hatfield,LA,0,0,0,0,0,0,1,1,0,0
Rob Havenstein,LA,0,0,0,0,0,2,0,2,0,0
William Hayes,MIA,0,0,0,0,0,4,0,4,2,10
Marquis Haynes,CAR,0,0,0,0,0,1,3,4,0,0
Casey Hayward,LAC,0,0,0,0,0,41,5,46,0,0
Joel Heath,HOU,0,0,0,0,0,2,0,2,0,0
Bruce Hector,PHI,0,0,0,0,0,0,2,2,0.5,5.5
Taylor Heinicke,CAR,0,0,0,0,0,1,0,1,0,0
Johnny Hekker,LA,0,0,0,0,0,1,0,1,0,0
Temarrick Hemingway,DEN,0,0,0,0,0,1,0,1,0,0
Seantrel Henderson,HOU,0,0,0,0,0,1,0,1,0,0
Trey Hendrickson,NO,0,0,0,0,0,7,1,8,0,0
Thomas Hennessy,NYJ,0,0,0,0,0,2,1,3,0,0
Derrick Henry,TEN,0,0,0,0,0,2,1,3,0,0
Willie Henry,BAL,0,0,0,0,0,2,1,3,1,11
Chris Herndon IV,NYJ,0,0,0,0,0,4,1,5,0,0
Tre Herndon,JAX,0,0,0,0,0,10,3,13,0,0
Treyvon Hester,PHI,0,0,0,0,0,8,5,13,1,8
Jeff Heuerman,DEN,0,0,0,0,0,2,0,2,0,0
Neville Hewitt,NYJ,0,0,0,0,0,26,13,39,1.5,12
Ryan Hewitt,IND,0,0,0,0,0,2,0,2,0,0
Cameron Heyward,PIT,0,0,0,0,0,29,23,52,8,60
Darrius Heyward-Bey,PIT,0,0,0,0,0,2,2,4,0,0
Akiem Hicks,CHI,0,0,0,0,0,41,14,55,7.5,65.5
Jordan Hicks,PHI,0,0,0,0,0,60,30,90,3,22
B.J. Hill,NYG,0,0,0,0,0,32,16,48,5.5,35.5
Delano Hill,SEA,0,0,0,0,0,15,9,24,0,0
Josh Hill,NO,0,0,0,0,0,1,0,1,0,0
Taysom Hill,NO,0,0,0,0,0,4,2,6,0,0
Tyreek Hill,KC,0,0,0,0,0,1,0,1,0,0
Dontrell Hilliard,CLE,0,0,0,0,0,1,1,2,0,0
T.Y. Hilton,IND,0,0,0,0,0,2,0,2,0,0
D'Juan Hines,CLE,0,0,0,0,0,2,2,4,0,0
Nyheim Hines,IND,0,0,0,0,0,3,0,3,0,0
Anthony Hitchens,KC,0,0,0,0,0,82,54,136,0,0
Khadarel Hodge,LA,0,0,0,0,0,4,1,5,0,0
Gerald Hodges,ARI,0,0,0,0,0,44,11,55,0,0
Chris Hogan,NE,0,0,0,0,0,2,0,2,0,0
Jeff Holland,DEN,0,0,0,0,0,1,5,6,0,0
Jacob Hollister,NE,0,0,0,0,0,1,0,1,0,0
Andre Holmes,BUF,0,0,0,0,0,6,0,6,0,0
Gabe Holmes,ARI,0,0,0,0,0,1,0,1,0,0
Jalyn Holmes,MIN,0,0,0,0,0,3,0,3,1,5
Joshua Holsey,WAS,0,0,0,0,0,2,0,2,0,0
Evander Hood,MIA,0,0,0,0,0,4,5,9,0,0
DeAndre Hopkins,HOU,0,0,0,0,0,2,0,2,0,0
Dustin Hopkins,WAS,0,0,0,0,0,1,0,1,0,0
Trey Hopkins,CIN,0,0,0,0,0,0,1,1,0,0
Wes Horton,CAR,0,0,0,0,0,15,9,24,1.5,5.5
Davon House,GB,0,0,0,0,0,1,1,2,0,0
DeAndre Houston-Carson,CHI,0,0,0,0,0,8,2,10,0,0
O.J. Howard,TB,0,0,0,0,0,2,0,2,0,0
Greg Howell,HOU,0,0,0,0,0,7,2,9,0,0
Sam Hubbard,CIN,0,0,0,0,0,27,12,39,6,37
Rodney Hudson,OAK,0,0,0,0,0,1,0,1,0,0
Jerry Hughes,BUF,0,0,0,0,0,30,7,37,7,42.5
Charley Hughlett,CLE,0,0,0,0,0,3,1,4,0,0
Mike Hull,MIA,0,0,0,0,0,7,2,9,0,0
Ramon Humber,BUF,0,0,0,0,0,9,0,9,0,0
Adam Humphries,TB,0,0,0,0,0,2,0,2,0,0
Margus Hunt,IND,0,0,0,0,0,22,8,30,5,26
Danielle Hunter,MIN,0,0,0,0,0,51,21,72,14.5,91
Maurice Hurst,OAK,0,0,0,0,0,26,5,31,4,18
Carlos Hyde,JAX,0,0,0,0,0,1,0,1,0,0
Kerry Hyder,DET,0,0,0,0,0,5,1,6,1,13
Germain Ifedi,SEA,0,0,0,0,0,1,0,1,0,0
Godwin Igwebuike,SF,0,0,0,0,0,1,1,2,0,0
George Iloka,MIN,0,0,0,0,0,14,2,16,0,0
Matt Ioannidis,WAS,0,0,0,0,0,23,8,31,7.5,40
Bruce Irvin,ATL,0,0,0,0,0,16,3,19,6.5,56.5
David Irving,DAL,0,0,0,0,0,3,1,4,1,3
Isaiah Irving,CHI,0,0,0,0,0,8,0,8,1,9
Kemal Ishmael,ATL,0,0,0,0,0,11,10,21,0,0
Danny Isidora,MIN,0,0,0,0,0,1,0,1,0,0
Mike Iupati,ARI,0,0,0,0,0,1,0,1,0,0
Chris Ivory,BUF,0,0,0,0,0,1,0,1,0,0
Joel Iyiegbuniwe,CHI,0,0,0,0,0,9,0,9,0,0
Branden Jackson,SEA,0,0,0,0,0,9,1,10,1,7
DeSean Jackson,TB,0,0,0,0,0,3,0,3,0,0
Gabe Jackson,OAK,0,0,0,0,0,1,0,1,0,0
Joshua Jackson,GB,0,0,0,0,0,39,10,49,0,0
Justin Jackson,LAC,0,0,0,0,0,0,5,5,0,0
Lamar Jackson,BAL,0,0,0,0,0,3,0,3,0,0
Malik Jackson,JAX,0,0,0,0,0,25,7,32,3.5,24
William Jackson,CIN,0,0,0,0,0,34,7,41,0,0
Ben Jacobs,CAR,0,0,0,0,0,3,3,6,0,0
Leon Jacobs,JAX,0,0,0,0,0,16,5,21,0,0
Natrell Jamerson,GB,0,0,0,0,0,8,2,10,0,0
Ja'Wuan James,MIA,0,0,0,0,0,1,0,1,0,0
Jesse James,PIT,0,0,0,0,0,3,0,3,0,0
Richie James,SF,0,0,0,0,0,2,0,2,0,0
Andy Janovich,DEN,0,0,0,0,0,6,1,7,0,0
J.J. Jansen,CAR,0,0,0,0,0,1,0,1,0,0
Grady Jarrett,ATL,0,0,0,0,0,27,25,52,6,36
Blake Jarwin,DAL,0,0,0,0,0,3,0,3,0,0
Ricky Jean-Francois,DET,0,0,0,0,0,19,11,30,2,14
Malik Jefferson,CIN,0,0,0,0,0,5,5,10,0,0
Quinton Jefferson,SEA,0,0,0,0,0,15,10,25,3,24
Jarvis Jenkins,KC,0,0,0,0,0,4,2,6,0,0
Jordan Jenkins,NYJ,0,0,0,0,0,24,11,35,7,64.5
Rayshawn Jenkins,LAC,0,0,0,0,0,13,10,23,0.5,3.5
Darius Jennings,TEN,0,0,0,0,0,0,2,2,0,0
Ryan Jensen,TB,0,0,0,0,0,2,0,2,0,0
Timmy Jernigan,PHI,0,0,0,0,0,2,0,2,0,0
Josey Jewell,DEN,0,0,0,0,0,38,20,58,0,0
Austin Johnson,TEN,0,0,0,0,0,13,9,22,1,6
David Johnson,ARI,0,0,0,0,0,2,0,2,0,0
Danny Johnson,WAS,0,0,0,0,0,9,5,14,0,0
Derrick Johnson,OAK,0,0,0,0,0,14,3,17,0,0
Duke Johnson,CLE,0,0,0,0,0,3,0,3,0,0
Isaiah Johnson,LA,0,0,0,0,0,1,0,1,0,0
Jaleel Johnson,MIN,0,0,0,0,0,6,7,13,0.5,0.5
Josh Johnson,WAS,0,0,0,0,0,1,0,1,0,0
Kevin Johnson,HOU,0,0,0,0,0,1,3,4,0,0
Lane Johnson,PHI,0,0,0,0,0,1,0,1,0,0
Leonard Johnson,ARI,0,0,0,0,0,8,2,10,0,0
Lyndon Johnson,JAX,0,0,0,0,0,2,0,2,0,0
Marcus Johnson,IND,0,0,0,0,0,1,0,1,0,0
Tom Johnson,MIN,0,0,0,0,0,17,8,25,4.5,27.5
Tre'von Johnson,LAC,0,0,0,0,0,2,1,3,0,0
Cameron Johnston,PHI,0,0,0,0,0,1,0,1,0,0
Abry Jones,JAX,0,0,0,0,0,21,7,28,1,0
Andy Jones,DET,0,0,0,0,0,4,0,4,0,0
Byron Jones,DAL,0,0,0,0,0,56,11,67,0,0
Chris Jones,DAL,0,0,0,0,0,1,0,1,0,0
Chandler Jones,ARI,0,0,0,0,0,38,10,48,13,71
Christian Jones,DET,0,0,0,0,0,48,21,69,1,9
Cyrus Jones,BAL,0,0,0,0,0,5,3,8,0,0
DaQuan Jones,TEN,0,0,0,0,0,20,14,34,0,0
Derrick Jones,NYJ,0,0,0,0,0,3,0,3,0,0
D.J. Jones,SF,0,0,0,0,0,11,6,17,0,0
Zay Jones,BUF,0,0,0,0,0,2,0,2,0,0
Josh Jones,GB,0,0,0,0,0,40,15,55,1,8
Joseph Jones,DEN,0,0,0,0,0,13,3,16,0,0
Julio Jones,ATL,0,0,0,0,0,4,0,4,0,0
Justin Jones,LAC,0,0,0,0,0,7,10,17,0.5,3.5
Marvin Jones,DET,0,0,0,0,0,1,0,1,0,0
Nazair Jones,SEA,0,0,0,0,0,2,5,7,0,0
Ronald Jones II,TB,0,0,0,0,0,1,0,1,0,0
Sidney Jones,PHI,0,0,0,0,0,21,4,25,0,0
Taiwan Jones,BUF,0,0,0,0,0,5,0,5,0,0
TJ Jones,DET,0,0,0,0,0,1,0,1,0,0
Cameron Jordan,NO,0,0,0,0,0,35,14,49,12,67
Dion Jordan,SEA,0,0,0,0,0,17,5,22,1.5,10
Greg Joseph,CLE,0,0,0,0,0,1,0,1,0,0
Linval Joseph,MIN,0,0,0,0,0,35,23,58,1,15
Matt Judon,BAL,0,0,0,0,0,29,16,45,7,41
Kyle Juszczyk,SF,0,0,0,0,0,2,0,2,0,0
Peter Kalambayi,HOU,0,0,0,0,0,7,6,13,0,0
Joshua Kalu,TEN,0,0,0,0,0,4,0,4,0,0
Ufomba Kamalu,NE,0,0,0,0,0,1,0,1,0,0
Jayron Kearse,MIN,0,0,0,0,0,27,5,32,0.5,4
Jason Kelce,PHI,0,0,0,0,0,0,1,1,0,0
Travis Kelce,KC,0,0,0,0,0,2,0,2,0,0
Senio Kelemete,HOU,0,0,0,0,0,1,0,1,0,0
Ryan Kelly,IND,0,0,0,0,0,1,0,1,0,0
Marcus Kemp,KC,0,0,0,0,0,5,1,6,0,0
Lance Kendricks,GB,0,0,0,0,0,1,0,1,0,0
Mychal Kendricks,SEA,0,0,0,0,0,15,4,19,2,14
Devon Kennard,DET,0,0,0,0,0,30,15,45,7,67
Brett Kern,TEN,0,0,0,0,0,1,0,1,0,0
Zach Kerr,DEN,0,0,0,0,0,15,18,33,1.5,7
Ryan Kerrigan,WAS,0,0,0,0,0,30,13,43,13,96.5
Cody Kessler,JAX,0,0,0,0,0,1,0,1,0,0
Arden Key,OAK,0,0,0,0,0,21,9,30,1,8
Josh Keyes,HOU,0,0,0,0,0,3,2,5,0,0
Darius Kilgo,TEN,0,0,0,0,0,4,1,5,0,0
Miles Killebrew,DET,0,0,0,0,0,5,2,7,0,0
Akeem King,SEA,0,0,0,0,0,16,5,21,0,0
Brandon King,NE,0,0,0,0,0,7,5,12,0,0
Christian Kirk,ARI,0,0,0,0,0,2,0,2,0,0
Dre Kirkpatrick,CIN,0,0,0,0,0,35,6,41,0,0
Keith Kirkwood,NO,0,0,0,0,0,2,0,2,0,0
Micah Kiser,LA,0,0,0,0,0,2,2,4,0,0
George Kittle,SF,0,0,0,0,0,2,0,2,0,0
DeShone Kizer,GB,0,0,0,0,0,1,0,1,0,0
Josh Kline,TEN,0,0,0,0,0,3,0,3,0,0
Sam Koch,BAL,0,0,0,0,0,1,0,1,0,0
Tanoh Kpassagnon,KC,0,0,0,0,0,3,1,4,0,0
Tyler Kroft,CIN,0,0,0,0,0,1,0,1,0,0
Jake Kumerow,GB,0,0,0,0,0,2,1,3,0,0
Nick Kwiatkoski,CHI,0,0,0,0,0,12,3,15,0,0
Deon Lacey,BUF,0,0,0,0,0,6,2,8,0,0
Chris Lacy,DET,0,0,0,0,0,0,1,1,0,0
Kenny Ladler,NYG,0,0,0,0,0,4,5,9,0,0
L.P. Ladouceur,DAL,0,0,0,0,0,1,2,3,0,0
Emmanuel Lamur,OAK,0,0,0,0,0,11,2,13,0,0
Tyler Lancaster,GB,0,0,0,0,0,19,7,26,0,0
Chris Landrum,LAC,0,0,0,0,0,3,3,6,0,0
Harold Landry,TEN,0,0,0,0,0,24,20,44,4.5,34
Jarvis Landry,CLE,0,0,0,0,0,2,0,2,0,0
Jeremy Langford,ATL,0,0,0,0,0,1,1,2,0,0
Brendan Langley,DEN,0,0,0,0,0,3,0,3,0,0
Ted Larsen,MIA,0,0,0,0,0,1,0,1,0,0
Cody Latimer,NYG,0,0,0,0,0,0,1,1,0,0
Justin Lawler,LA,0,0,0,0,0,4,2,6,0,0
Carl Lawson,CIN,0,0,0,0,0,4,2,6,1,7
Nevin Lawson,DET,0,0,0,0,0,43,9,52,1,6
Shaq Lawson,BUF,0,0,0,0,0,18,12,30,4,18
Dallin Leavitt,OAK,0,0,0,0,0,0,1,1,0,0
Cre'von LeBlanc,PHI,0,0,0,0,0,22,5,27,0,0
Jeremiah Ledbetter,TB,0,0,0,0,0,1,0,1,0,0
Andy Lee,ARI,0,0,0,0,0,1,0,1,0,0
Elijah Lee,SF,0,0,0,0,0,54,11,65,1,10
Eric Lee,DET,0,0,0,0,0,4,2,6,0,0
Marquel Lee,OAK,0,0,0,0,0,36,32,68,0,0
Sean Lee,DAL,0,0,0,0,0,15,15,30,0.5,5
Matt Lengel,CIN,0,0,0,0,0,0,1,1,0,0
Charles Leno,CHI,0,0,0,0,0,2,0,2,0,0
Lance Lenoir,DAL,0,0,0,0,0,1,0,1,0,0
Corey Levin,TEN,0,0,0,0,0,0,1,1,0,0
Taylor Lewan,TEN,0,0,0,0,0,1,0,1,0,0
Kendrick Lewis,TEN,0,0,0,0,0,20,7,27,0,0
Ryan Lewis,BUF,0,0,0,0,0,12,3,15,0,0
Tyquan Lewis,IND,0,0,0,0,0,9,4,13,2,16
Phillip Lindsay,DEN,0,0,0,0,0,2,0,2,0,0
Zach Line,NO,0,0,0,0,0,2,0,2,0,0
Tony Lippett,NYG,0,0,0,0,0,1,0,1,0,0
Corey Liuget,LAC,0,0,0,0,0,9,5,14,1.5,9.5
Tyler Lockett,SEA,0,0,0,0,0,0,1,1,0,0
Bennie Logan,TEN,0,0,0,0,0,5,9,14,0,0
Chris Long,PHI,0,0,0,0,0,15,8,23,6.5,49.5
Kyle Long,CHI,0,0,0,0,0,1,0,1,0,0
Spencer Long,NYJ,0,0,0,0,0,1,0,1,0,0
Matt Longacre,LA,0,0,0,0,0,8,9,17,1,0
Joe Looney,DAL,0,0,0,0,0,1,0,1,0,0
Star Lotulelei,BUF,0,0,0,0,0,10,7,17,0,0
Rick Lovato,PHI,0,0,0,0,0,1,1,2,0,0
Kyle Love,CAR,0,0,0,0,0,11,8,19,1.5,8.5
Mike Love,BUF,0,0,0,0,0,0,4,4,0,0
Dean Lowry,GB,0,0,0,0,0,31,13,44,3,23
Shalom Luani,SEA,0,0,0,0,0,7,2,9,0,0
Andrew Luck,IND,0,0,0,0,0,1,0,1,0,0
Wil Lutz,NO,0,0,0,0,0,3,0,3,0,0
Frankie Luvu,NYJ,0,0,0,0,0,17,5,22,3,7
Cameron Lynch,TB,0,0,0,0,0,4,0,4,0,0
Marshawn Lynch,OAK,0,0,0,0,0,1,0,1,0,0
Greg Mabin,SF,0,0,0,0,0,12,4,16,0,0
Alex Mack,ATL,0,0,0,0,0,2,0,2,0,0
Marlon Mack,IND,0,0,0,0,0,2,0,2,0,0
Tre Madden,SEA,0,0,0,0,0,2,4,6,0,0
Brett Maher,DAL,0,0,0,0,0,0,1,1,0,0
Cameron Malveaux,ARI,0,0,0,0,0,2,8,10,1,5
Eli Manning,NYG,0,0,0,0,0,1,0,1,0,0
Justin March-Lillard,DAL,0,0,0,0,0,1,3,4,0,0
Marcus Mariota,TEN,0,0,0,0,0,0,1,1,0,0
Dean Marlowe,BUF,0,0,0,0,0,4,1,5,0,0
Ali Marpet,TB,0,0,0,0,0,1,0,1,0,0
Cassius Marsh,SF,0,0,0,0,0,27,11,38,5.5,27
Brandon Marshall,SEA,0,0,0,0,0,1,0,1,0,0
Brandon Marshall,DEN,0,0,0,0,0,22,20,42,0,0
Byron Marshall,WAS,0,0,0,0,0,1,1,2,0,0
Doug Martin,OAK,0,0,0,0,0,1,0,1,0,0
Jacob Martin,SEA,0,0,0,0,0,8,2,10,3,12
Josh Martin,NYJ,0,0,0,0,0,1,0,1,0,0
Kareem Martin,NYG,0,0,0,0,0,22,26,48,1.5,9
Nick Martin,HOU,0,0,0,0,0,2,0,2,0,0
Sam Martin,DET,0,0,0,0,0,1,0,1,0,0
Blake Martinez,GB,0,0,0,0,0,91,53,144,5,34
Freddie Martino,TB,0,0,0,0,0,1,0,1,0,0
Tyler Matakevich,PIT,0,0,0,0,0,12,4,16,0,0
Clay Matthews,GB,0,0,0,0,0,29,14,43,3.5,25.5
Jake Matthews,ATL,0,0,0,0,0,1,0,1,0,0
Jordan Matthews,PHI,0,0,0,0,0,1,0,1,0,0
Arthur Maulet,IND,0,0,0,0,0,6,3,9,0,0
Josh Mauro,NYG,0,0,0,0,0,17,11,28,1,7
David Mayo,CAR,0,0,0,0,0,8,6,14,0,0
Benson Mayowa,ARI,0,0,0,0,0,31,7,38,4,35
Christian McCaffrey,CAR,0,0,0,0,0,2,0,2,0,0
Terrell McClain,ATL,0,0,0,0,0,9,8,17,1,6
Albert McClellan,NE,0,0,0,0,0,4,3,7,0,0
Gerald McCoy,TB,0,0,0,0,0,17,11,28,6,40.5
Lerentee McCray,JAX,0,0,0,0,0,6,3,9,1,7
Daniel McCullers,PIT,0,0,0,0,0,2,3,5,1,4
Clinton McDonald,OAK,0,0,0,0,0,19,12,31,2,15
Vance McDonald,PIT,0,0,0,0,0,2,0,2,0,0
Dexter McDougle,PHI,0,0,0,0,0,4,1,5,0,0
Tanner McEvoy,MIA,0,0,0,0,0,0,1,1,0,0
Stacy McGee,WAS,0,0,0,0,0,7,2,9,1,3
T.Y. McGill,LAC,0,0,0,0,0,2,3,5,0,0
Mike McGlinchey,SF,0,0,0,0,0,1,0,1,0,0
RJ McIntosh,NYG,0,0,0,0,0,5,0,5,0,0
Isaiah McKenzie,BUF,0,0,0,0,0,1,0,1,0,0
Takkarist McKinley,ATL,0,0,0,0,0,16,6,22,7.5,55
Jeremiah McKinnon,CLE,0,0,0,0,0,1,0,1,0,0
Cassanova McKinzy,WAS,0,0,0,0,0,1,0,1,0,0
J.D. McKissic,SEA,0,0,0,0,0,1,1,2,0,0
Steve McLendon,NYJ,0,0,0,0,0,21,13,34,0,0
Rodney McLeod,PHI,0,0,0,0,0,7,3,10,0,0
Brandon McManus,DEN,0,0,0,0,0,1,0,1,0,0
Raekwon McMillan,MIA,0,0,0,0,0,70,35,105,0,0
Pernell McPhee,WAS,0,0,0,0,0,8,3,11,0,0
Jake McQuaide,LA,0,0,0,0,0,1,1,2,0,0
Tony McRae,CIN,0,0,0,0,0,4,5,9,0,0
Torry McTyer,MIA,0,0,0,0,0,22,8,30,0,0
Steven Means,ATL,0,0,0,0,0,7,7,14,1,7
Brandon Mebane,LAC,0,0,0,0,0,22,18,40,1,4
Quenton Meeks,JAX,0,0,0,0,0,7,1,8,0,0
Obi Melifonwu,NE,0,0,0,0,0,3,0,3,0,0
Whitney Mercilus,HOU,0,0,0,0,0,23,17,40,4,28
Sony Michel,NE,0,0,0,0,0,2,0,2,0,0
Doug Middleton,NYJ,0,0,0,0,0,23,4,27,0,0
Rontez Miles,NYJ,0,0,0,0,0,10,1,11,0,0
Anthony Miller,CHI,0,0,0,0,0,3,0,3,0,0
Kolton Miller,OAK,0,0,0,0,0,3,0,3,0,0
Jalen Mills,PHI,0,0,0,0,0,37,6,43,0,0
Jordan Mills,BUF,0,0,0,0,0,1,0,1,0,0
Chris Milton,IND,0,0,0,0,0,5,5,10,0,0
Barkevious Mingo,SEA,0,0,0,0,0,37,11,48,1,10
Kevin Minter,TB,0,0,0,0,0,8,2,10,1,8
Earl Mitchell,SF,0,0,0,0,0,17,11,28,0,0
Joe Mixon,CIN,0,0,0,0,0,1,0,1,0,0
Taquan Mizzell,CHI,0,0,0,0,0,2,1,3,0,0
Donte Moncrief,JAX,0,0,0,0,0,1,0,1,0,0
Ty Montgomery,BAL,0,0,0,0,0,0,1,1,0,0
A.J. Moore,HOU,0,0,0,0,0,7,4,11,0,0
Chris Moore,BAL,0,0,0,0,0,3,1,4,0,0
Damontre Moore,OAK,0,0,0,0,0,1,0,1,0,0
D.J. Moore,CAR,0,0,0,0,0,5,0,5,0,0
J'Mon Moore,GB,0,0,0,0,0,2,0,2,0,0
Skai Moore,IND,0,0,0,0,0,4,0,4,0,0
Tarvarius Moore,SF,0,0,0,0,0,20,3,23,0,0
Zach Moore,ARI,0,0,0,0,0,7,7,14,3.5,24
Derrick Morgan,TEN,0,0,0,0,0,19,6,25,0.5,5.5
Antonio Morrison,GB,0,0,0,0,0,27,21,48,1,11
Nicholas Morrow,OAK,0,0,0,0,0,30,13,43,1,4
Mitch Morse,KC,0,0,0,0,0,1,0,1,0,0
Emmanuel Moseley,SF,0,0,0,0,0,1,0,1,0,0
Morgan Moses,WAS,0,0,0,0,0,1,0,1,0,0
Raheem Mostert,SF,0,0,0,0,0,6,0,6,0,0
Al-Quadin Muhammad,IND,0,0,0,0,0,16,12,28,0,0
Marcus Murphy,BUF,0,0,0,0,0,4,0,4,0,0
Trent Murphy,BUF,0,0,0,0,0,14,10,24,4,16
Jason Myers,NYJ,0,0,0,0,0,1,0,1,0,0
Carl Nassib,TB,0,0,0,0,0,22,7,29,6.5,46
JoJo Natson,LA,0,0,0,0,0,1,0,1,0,0
Keanu Neal,ATL,0,0,0,0,0,1,1,2,0,0
Siran Neal,BUF,0,0,0,0,0,10,1,11,1,10
Sharrod Neasman,ATL,0,0,0,0,0,31,13,44,0,0
J.J. Nelson,ARI,0,0,0,0,0,1,0,1,0,0
Jordy Nelson,OAK,0,0,0,0,0,1,0,1,0,0
Nick Nelson,OAK,0,0,0,0,0,10,10,20,0,0
Quenton Nelson,IND,0,0,0,0,0,2,0,2,0,0
Detrez Newsome,LAC,0,0,0,0,0,2,1,3,0,0
Yannick Ngakoue,JAX,0,0,0,0,0,25,3,28,9.5,62.5
Haloti Ngata,PHI,0,0,0,0,0,11,6,17,1,5
Bilal Nichols,CHI,0,0,0,0,0,20,8,28,3,29.5
Deatrick Nichols,ARI,0,0,0,0,0,1,0,1,0,0
Montae Nicholson,WAS,0,0,0,0,0,29,12,41,0,0
Hardy Nickerson,CIN,0,0,0,0,0,38,19,57,0,0
Parry Nickerson,NYJ,0,0,0,0,0,18,3,21,0,0
Ben Niemann,KC,0,0,0,0,0,7,3,10,0,0
Roosevelt Nix,PIT,0,0,0,0,0,7,1,8,0,0
David Njoku,CLE,0,0,0,0,0,2,0,2,0,0
Robert Nkemdiche,ARI,0,0,0,0,0,22,10,32,4.5,20
Derrick Nnadi,KC,0,0,0,0,0,17,18,35,0,0
Jared Norris,CAR,0,0,0,0,0,1,0,1,0,0
Andrew Norwell,JAX,0,0,0,0,0,1,0,1,0,0
Rakeem Nunez-Roches,TB,0,0,0,0,0,2,0,2,0,0
Uchenna Nwosu,LAC,0,0,0,0,0,18,10,28,3.5,15.5
Mark Nzeocha,SF,0,0,0,0,0,18,5,23,1,8
Dorian O'Daniel,KC,0,0,0,0,0,21,13,34,0,0
Nick O'Leary,MIA,0,0,0,0,0,1,0,1,0,0
James O'Shaughnessy,JAX,0,0,0,0,0,3,0,3,0,0
Ifeadi Odenigbo,ARI,0,0,0,0,0,0,1,1,0,0
Emmanuel Ogbah,CLE,0,0,0,0,0,24,16,40,3,13.5
Dare Ogunbowale,TB,0,0,0,0,0,1,0,1,0,0
Larry Ogunjobi,CLE,0,0,0,0,0,33,19,52,5.5,51.5
Alex Okafor,NO,0,0,0,0,0,25,11,36,4,20
Chukwuma Okorafor,PIT,0,0,0,0,0,1,0,1,0,0
Romeo Okwara,DET,0,0,0,0,0,28,11,39,7.5,38
Jamize Olawale,DAL,0,0,0,0,0,8,4,12,0,0
Foyesade Oluokun,ATL,0,0,0,0,0,56,35,91,0,0
Patrick Omameh,JAX,0,0,0,0,0,3,0,3,0,0
James Onwualu,SF,0,0,0,0,0,2,0,2,0,0
David Onyemata,NO,0,0,0,0,0,22,12,34,4.5,35.5
Brian Orakpo,TEN,0,0,0,0,0,18,10,28,1.5,6
Nate Orchard,BUF,0,0,0,0,0,3,1,4,0,0
Ricky Ortiz,ATL,0,0,0,0,0,1,1,2,0,0
Tyler Ott,SEA,0,0,0,0,0,0,1,1,0,0
Matt Overton,JAX,0,0,0,0,0,0,1,1,0,0
Matt Paradis,DEN,0,0,0,0,0,2,0,2,0,0
Brian Parker,DEN,0,0,0,0,0,2,0,2,0,0
Brandon Parker,OAK,0,0,0,0,0,2,0,2,0,0
Jermey Parnell,JAX,0,0,0,0,0,2,0,2,0,0
David Parry,MIN,0,0,0,0,0,3,1,4,1,6
Zach Pascal,IND,0,0,0,0,0,3,0,3,0,0
Tyler Patmon,JAX,0,0,0,0,0,12,2,14,0,0
Tim Patrick,DEN,0,0,0,0,0,6,2,8,0,0
Cordarrelle Patterson,NE,0,0,0,0,0,2,0,2,0,0
Niles Paul,JAX,0,0,0,0,0,1,1,2,0,0
Logan Paulsen,ATL,0,0,0,0,0,1,0,1,0,0
Da'Ron Payne,WAS,0,0,0,0,0,35,21,56,5,28
Donald Payne,JAX,0,0,0,0,0,1,1,2,0,0
Charone Peake,NYJ,0,0,0,0,0,3,2,5,0,0
Domata Peko,DEN,0,0,0,0,0,20,12,32,0.5,4.5
Mike Pennel,NYJ,0,0,0,0,0,16,11,27,0,0
Elijhaa Penny,NYG,0,0,0,0,0,0,2,2,0,0
Julius Peppers,CAR,0,0,0,0,0,14,8,22,5,25
Joshua Perkins,PHI,0,0,0,0,0,3,0,3,0,0
Breshad Perriman,CLE,0,0,0,0,0,1,0,1,0,0
Nick Perry,GB,0,0,0,0,0,15,9,24,1.5,11.5
Senorise Perry,MIA,0,0,0,0,0,9,3,12,0,0
Brian Peters,HOU,0,0,0,0,0,4,5,9,0,0
Corey Peters,ARI,0,0,0,0,0,33,18,51,2.5,11
Adrian Peterson,WAS,0,0,0,0,0,1,0,1,0,0
Carroll Phillips,IND,0,0,0,0,0,2,3,5,0,0
Cam Phillips,BUF,0,0,0,0,0,1,0,1,0,0
Darius Phillips,CIN,0,0,0,0,0,19,3,22,0,0
Harrison Phillips,BUF,0,0,0,0,0,20,15,35,0,0
Jordan Phillips,BUF,0,0,0,0,0,15,9,24,1,5
Darius Philon,LAC,0,0,0,0,0,19,14,33,4,17.5
Michael Pierce,BAL,0,0,0,0,0,20,12,32,0,0
Olsen Pierre,ARI,0,0,0,0,0,6,6,12,0,0
Kevin Pierre-Louis,NYJ,0,0,0,0,0,6,1,7,1,0
Jason Pierre-Paul,TB,0,0,0,0,0,48,10,58,12.5,84
Bradley Pinion,SF,0,0,0,0,0,1,0,1,0,0
Lenzy Pipkins,IND,0,0,0,0,0,6,3,9,0,0
Jamiyus Pittman,MIA,0,0,0,0,0,0,1,1,0,0
Lafayette Pitts,BUF,0,0,0,0,0,8,1,9,0,0
Eddie Pleasant,GB,0,0,0,0,0,5,3,8,0,0
Dontari Poe,CAR,0,0,0,0,0,9,8,17,1,6
Maurkice Pouncey,PIT,0,0,0,0,0,1,0,1,0,0
Bilal Powell,NYJ,0,0,0,0,0,2,0,2,0,0
Tyvis Powell,SF,0,0,0,0,0,6,0,6,0,0
Dak Prescott,DAL,0,0,0,0,0,1,0,1,0,0
Brian Price,CLE,0,0,0,0,0,6,6,12,0,0
MyCole Pruitt,TEN,0,0,0,0,0,1,0,1,0,0
Justin Pugh,ARI,0,0,0,0,0,1,0,1,0,0
Hayes Pullard,LAC,0,0,0,0,0,13,5,18,0,0
Spencer Pulley,NYG,0,0,0,0,0,1,0,1,0,0
Glover Quin,DET,0,0,0,0,0,58,16,74,1,6
Robert Quinn,MIA,0,0,0,0,0,25,13,38,6.5,48
Trey Quinn,WAS,0,0,0,0,0,1,0,1,0,0
Frank Ragnow,DET,0,0,0,0,0,1,0,1,0,0
Ryan Ramczyk,NO,0,0,0,0,0,3,0,3,0,0
Martinas Rankin,HOU,0,0,0,0,0,1,0,1,0,0
Sheldon Rankins,NO,0,0,0,0,0,26,14,40,8,61
Shane Ray,DEN,0,0,0,0,0,6,4,10,1,6
D.J. Reader,HOU,0,0,0,0,0,23,10,33,2,10
C.J. Reavis,JAX,0,0,0,0,0,1,0,1,0,0
Haason Reddick,ARI,0,0,0,0,0,52,27,79,4,39
Will Redmond,GB,0,0,0,0,0,1,0,1,0,0
Brooks Reed,ATL,0,0,0,0,0,16,8,24,1,0
D.J. Reed,SF,0,0,0,0,0,30,11,41,1,5
Jarran Reed,SEA,0,0,0,0,0,34,16,50,10.5,74
Jordan Reed,WAS,0,0,0,0,0,1,0,1,0,0
Jalen Reeves-Maybin,DET,0,0,0,0,0,8,5,13,0,0
Caraun Reid,DAL,0,0,0,0,0,6,4,10,0.5,1
Austin Reiter,KC,0,0,0,0,0,1,0,1,0,0
Mike Remmers,MIN,0,0,0,0,0,2,0,2,0,0
Vincent Rey,CIN,0,0,0,0,0,11,8,19,0,0
Josh Reynolds,LA,0,0,0,0,0,3,0,3,0,0
LaRoy Reynolds,PHI,0,0,0,0,0,5,1,6,0,0
Luke Rhodes,IND,0,0,0,0,0,4,0,4,0,0
Patrick Ricard,BAL,0,0,0,0,0,3,2,5,0,0
Jalen Richard,OAK,0,0,0,0,0,5,0,5,0,0
Jeff Richards,LAC,0,0,0,0,0,4,1,5,0,0
Jordan Richards,ATL,0,0,0,0,0,27,12,39,0,0
Sheldon Richardson,MIN,0,0,0,0,0,26,23,49,4.5,31.5
Weston Richburg,SF,0,0,0,0,0,2,0,2,0,0
Hassan Ridgeway,IND,0,0,0,0,0,5,1,6,0,0
Duke Riley,ATL,0,0,0,0,0,37,23,60,0,0
Christian Ringo,CIN,0,0,0,0,0,6,4,10,1.5,12.5
Derek Rivers,NE,0,0,0,0,0,2,0,2,1,10
Andre Roberts,NYJ,0,0,0,0,0,1,0,1,0,0
Elandon Roberts,NE,0,0,0,0,0,31,35,66,1,7
Seth Roberts,OAK,0,0,0,0,0,0,1,1,0,0
Craig Robertson,NO,0,0,0,0,0,11,3,14,1,5
Roy Robertson-Harris,CHI,0,0,0,0,0,10,12,22,3,25
Allen Robinson,CHI,0,0,0,0,0,1,0,1,0,0
A'Shawn Robinson,DET,0,0,0,0,0,34,15,49,1,8
Demarcus Robinson,KC,0,0,0,0,0,1,0,1,0,0
Josh Robinson,NO,0,0,0,0,0,4,2,6,0,0
Patrick Robinson,NO,0,0,0,0,0,5,1,6,0,0
Rashard Robinson,NYJ,0,0,0,0,0,7,1,8,0,0
Jacquizz Rodgers,TB,0,0,0,0,0,4,2,6,0,0
Richard Rodgers,PHI,0,0,0,0,0,1,0,1,0,0
Dominique Rodgers-Cromartie,OAK,0,0,0,0,0,8,0,8,0,0
Ben Roethlisberger,PIT,0,0,0,0,0,1,0,1,0,0
Josh Rosen,ARI,0,0,0,0,0,1,0,1,0,0
Daniel Ross,DAL,0,0,0,0,0,7,8,15,1,6
John Ross,CIN,0,0,0,0,0,3,0,3,0,0
Chase Roullier,WAS,0,0,0,0,0,1,1,2,0,0
Eric Rowe,NE,0,0,0,0,0,9,1,10,0,0
Frostee Rucker,OAK,0,0,0,0,0,23,14,37,0,0
Kyle Rudolph,MIN,0,0,0,0,0,3,0,3,0,0
KeiVarae Russell,CIN,0,0,0,0,0,9,3,12,0,0
Logan Ryan,TEN,0,0,0,0,0,54,22,76,4,32
Matt Ryan,ATL,0,0,0,0,0,1,0,1,0,0
Curtis Samuel,CAR,0,0,0,0,0,8,0,8,0,0
Garrison Sanborn,TB,0,0,0,0,0,2,2,4,0,0
Mark Sanchez,WAS,0,0,0,0,0,1,0,1,0,0
Rigoberto Sanchez,IND,0,0,0,0,0,1,0,1,0,0
Mohamed Sanu,ATL,0,0,0,0,0,1,0,1,0,0
Eric Saubert,ATL,0,0,0,0,0,1,2,3,0,0
Patrick Scales,CHI,0,0,0,0,0,2,0,2,0,0
Dalton Schultz,DAL,0,0,0,0,0,1,0,1,0,0
JK Scott,GB,0,0,0,0,0,2,0,2,0,0
Niles Scott,CIN,0,0,0,0,0,4,0,4,0,0
Ricky Seals-Jones,ARI,0,0,0,0,0,2,0,2,0,0
Da'Norris Searcy,CAR,0,0,0,0,0,4,1,5,0,0
Deadrin Senat,ATL,0,0,0,0,0,15,15,30,0,0
Andrew Sendejo,MIN,0,0,0,0,0,21,6,27,0,0
Coty Sensabaugh,PIT,0,0,0,0,0,40,5,45,0,0
Tim Settle,WAS,0,0,0,0,0,6,2,8,0,0
Josh Shaw,TB,0,0,0,0,0,10,2,12,0,0
DeShawn Shead,DET,0,0,0,0,0,13,5,18,0,0
Jabaal Sheard,IND,0,0,0,0,0,37,13,50,5.5,41.5
Derrick Shelby,ATL,0,0,0,0,0,8,2,10,0,0
Brandon Shell,NYJ,0,0,0,0,0,2,1,3,0,0
Danny Shelton,NE,0,0,0,0,0,10,12,22,0,0
Russell Shepard,NYG,0,0,0,0,0,6,2,8,0,0
Sterling Shepard,NYG,0,0,0,0,0,2,0,2,0,0
Nathan Shepherd,NYJ,0,0,0,0,0,6,9,15,0,0
Kelvin Sheppard,DET,0,0,0,0,0,5,0,5,0,0
Trent Sherfield,ARI,0,0,0,0,0,1,0,1,0,0
Anthony Sherman,KC,0,0,0,0,0,2,2,4,0,0
Richard Sherman,SF,0,0,0,0,0,30,7,37,1,7
Kawann Short,CAR,0,0,0,0,0,29,13,42,3,20
Zach Sieler,BAL,0,0,0,0,0,1,0,1,0,0
Jordan Simmons,SEA,0,0,0,0,0,1,0,1,0,0
John Simon,NE,0,0,0,0,0,8,9,17,2,18
Scott Simonson,NYG,0,0,0,0,0,2,0,2,0,0
LeShaun Sims,TEN,0,0,0,0,0,15,7,22,0,0
Jeremiah Sirles,BUF,0,0,0,0,0,1,0,1,0,0
Darryl Skrine,NYJ,0,0,0,0,0,52,6,58,0.5,4.5
Matt Slater,NE,0,0,0,0,0,7,4,11,0,0
Wendell Smallwood,PHI,0,0,0,0,0,1,1,2,0,0
Evan Smith,TB,0,0,0,0,0,1,0,1,0,0
Alex Smith,WAS,0,0,0,0,0,1,0,1,0,0
Andre Smith,ARI,0,0,0,0,0,1,0,1,0,0
Andre Smith,CAR,0,0,0,0,0,1,2,3,0,0
Braden Smith,IND,0,0,0,0,0,1,0,1,0,0
Chris Smith,CLE,0,0,0,0,0,14,7,21,1,13
Donovan Smith,TB,0,0,0,0,0,2,0,2,0,0
Garrison Smith,ARI,0,0,0,0,0,2,0,2,0,0
Ito Smith,ATL,0,0,0,0,0,1,0,1,0,0
Jacquies Smith,OAK,0,0,0,0,0,1,2,3,0,0
Jaylon Smith,DAL,0,0,0,0,0,82,39,121,4,6
Jonnu Smith,TEN,0,0,0,0,0,1,0,1,0,0
Keith Smith,OAK,0,0,0,0,0,3,5,8,0,0
Lee Smith,OAK,0,0,0,0,0,2,0,2,0,0
Malcolm Smith,SF,0,0,0,0,0,22,13,35,0,0
Maurice Smith,MIA,0,0,0,0,0,5,0,5,0,0
Rod Smith,DAL,0,0,0,0,0,8,1,9,0,0
Terrance Smith,KC,0,0,0,0,0,13,9,22,1,5
Tre'Quan Smith,NO,0,0,0,0,0,1,0,1,0,0
Tremon Smith,KC,0,0,0,0,0,4,1,5,0,0
Za'Darius Smith,BAL,0,0,0,0,0,26,19,45,8.5,61
JuJu Smith-Schuster,PIT,0,0,0,0,0,3,0,3,0,0
Dawuane Smoot,JAX,0,0,0,0,0,3,1,4,0,0
Willie Snead,BAL,0,0,0,0,0,3,0,3,0,0
Martrell Spaight,JAX,0,0,0,0,0,2,1,3,0,0
Breeland Speaks,KC,0,0,0,0,0,15,9,24,1.5,14.5
Akeem Spence,MIA,0,0,0,0,0,23,19,42,2,10
Noah Spence,TB,0,0,0,0,0,2,1,3,0,0
Darren Sproles,PHI,0,0,0,0,0,1,0,1,0,0
Damion Square,LAC,0,0,0,0,0,16,15,31,3,13.5
Joe Staley,SF,0,0,0,0,0,2,0,2,0,0
Taylor Stallworth,NO,0,0,0,0,0,7,2,9,1,0
Julian Stanford,BUF,0,0,0,0,0,13,2,15,1,9
Shamar Stephen,SEA,0,0,0,0,0,11,14,25,2,17
Grover Stewart,IND,0,0,0,0,0,8,9,17,0,0
M.J. Stewart,TB,0,0,0,0,0,31,2,33,0,0
Kenny Stills,MIA,0,0,0,0,0,2,0,2,0,0
Luke Stocker,TEN,0,0,0,0,0,1,1,2,0,0
Rod Streater,CLE,0,0,0,0,0,0,1,1,0,0
Nathan Stupar,NYG,0,0,0,0,0,10,4,14,0,0
Caleb Sturgis,LAC,0,0,0,0,0,1,0,1,0,0
Terrell Suggs,BAL,0,0,0,0,0,25,9,34,7,51
Ndamukong Suh,LA,0,0,0,0,0,36,23,59,4.5,25.5
Chandon Sullivan,PHI,0,0,0,0,0,7,0,7,0,0
John Sullivan,LA,0,0,0,0,0,1,0,1,0,0
Tre Sullivan,PHI,0,0,0,0,0,12,5,17,0,0
Nick Sundberg,WAS,0,0,0,0,0,1,0,1,0,0
Courtland Sutton,DEN,0,0,0,0,0,2,0,2,0,0
Geoff Swaim,DAL,0,0,0,0,0,1,1,2,0,0
Josh Sweat,PHI,0,0,0,0,0,1,0,1,0,0
J.R. Sweezy,SEA,0,0,0,0,0,1,0,1,0,0
Jalen Tabor,DET,0,0,0,0,0,24,4,28,0,0
Keith Tandy,ATL,0,0,0,0,0,0,2,2,0,0
Cordrea Tankersley,MIA,0,0,0,0,0,2,3,5,0,0
Ryan Tannehill,MIA,0,0,0,0,0,1,0,1,0,0
Pasoni Tasini,ARI,0,0,0,0,0,0,1,1,0,0
Auden Tate,CIN,0,0,0,0,0,0,1,1,0,0
Golden Tate,PHI,0,0,0,0,0,2,0,2,0,0
Pita Taumoepenu,SF,0,0,0,0,0,3,0,3,0,0
Jamar Taylor,DEN,0,0,0,0,0,16,2,18,0,0
Jullian Taylor,SF,0,0,0,0,0,4,3,7,0,0
Lane Taylor,GB,0,0,0,0,0,2,0,2,0,0
Taywan Taylor,TEN,0,0,0,0,0,1,0,1,0,0
Trent Taylor,SF,0,0,0,0,0,1,0,1,0,0
Tyrod Taylor,CLE,0,0,0,0,0,1,0,1,0,0
Vincent Taylor,MIA,0,0,0,0,0,15,12,27,2,11
Manti Te'o,NO,0,0,0,0,0,12,6,18,0,0
Wyatt Teller,BUF,0,0,0,0,0,1,0,1,0,0
Sam Tevi,LAC,0,0,0,0,0,1,0,1,0,0
Ahmad Thomas,IND,0,0,0,0,0,1,0,1,0,0
Demaryius Thomas,DEN,0,0,0,0,0,1,0,1,0,0
De'Anthony Thomas,KC,0,0,0,0,0,4,0,4,0,0
Ian Thomas,CAR,0,0,0,0,0,1,0,1,0,0
Joe Thomas,DAL,0,0,0,0,0,7,7,14,0,0
Logan Thomas,BUF,0,0,0,0,0,2,1,3,0,0
Matthew Thomas,PIT,0,0,0,0,0,3,1,4,0,0
Michael Thomas,NO,0,0,0,0,0,1,0,1,0,0
Roc Thomas,MIN,0,0,0,0,0,3,2,5,0,0
Shamarko Thomas,DEN,0,0,0,0,0,5,2,7,0,0
Solomon Thomas,SF,0,0,0,0,0,24,7,31,1,2
Tavierre Thomas,CLE,0,0,0,0,0,7,1,8,0,0
Chris Thompson,WAS,0,0,0,0,0,1,0,1,0,0
Corey Thompson,BUF,0,0,0,0,0,7,7,14,0,0
Deonte Thompson,BUF,0,0,0,0,0,1,1,2,0,0
Shaq Thompson,CAR,0,0,0,0,0,51,29,80,3.5,23
Neiko Thorpe,SEA,0,0,0,0,0,5,2,7,0,0
Levine Toilolo,DET,0,0,0,0,0,2,0,2,0,0
Kevin Toliver,CHI,0,0,0,0,0,14,2,16,0,0
Dalvin Tomlinson,NYG,0,0,0,0,0,29,30,59,0,0
Eric Tomlinson,NYJ,0,0,0,0,0,6,0,6,0,0
Robert Tonyan,GB,0,0,0,0,0,1,0,1,0,0
Korey Toomer,GB,0,0,0,0,0,3,0,3,0,0
Brynden Trawick,TEN,0,0,0,0,0,7,1,8,0,0
Laquon Treadwell,MIN,0,0,0,0,0,1,0,1,0,0
J.C. Tretter,CLE,0,0,0,0,0,3,0,3,0,0
Desmond Trufant,ATL,0,0,0,0,0,55,11,66,1,10
Stephon Tuitt,PIT,0,0,0,0,0,27,18,45,5.5,45.5
Laremy Tunsil,MIA,0,0,0,0,0,1,0,1,0,0
Josh Tupou,CIN,0,0,0,0,0,6,3,9,0,0
Kemoko Turay,IND,0,0,0,0,0,11,4,15,4,7.5
De'Lance Turner,BAL,0,0,0,0,0,2,1,3,0,0
Ezekiel Turner,ARI,0,0,0,0,0,13,3,16,0,0
Mike Tyson,HOU,0,0,0,0,0,3,2,5,0,0
Max Unger,NO,0,0,0,0,0,3,0,3,0,0
Brent Urban,BAL,0,0,0,0,0,16,10,26,0.5,3.5
Destiny Vaeao,PHI,0,0,0,0,0,2,0,2,1,6
Marquez Valdes-Scantling,GB,0,0,0,0,0,2,0,2,0,0
Vincent Valentine,ARI,0,0,0,0,0,0,1,1,0,0
Tanner Vallejo,CLE,0,0,0,0,0,19,8,27,0,0
Vita Vea,TB,0,0,0,0,0,21,7,28,3,16
Jared Veldheer,DEN,0,0,0,0,0,1,0,1,0,0
Olivier Vernon,NYG,0,0,0,0,0,23,7,30,7,39.5
Nick Vigil,CIN,0,0,0,0,0,62,22,84,0,0
Zach Vigil,WAS,0,0,0,0,0,7,3,10,0,0
Alejandro Villanueva,PIT,0,0,0,0,0,1,0,1,0,0
Dee Virgin,DET,0,0,0,0,0,1,0,1,0,0
Dan Vitale,GB,0,0,0,0,0,2,0,2,0,0
LaAdrian Waddle,NE,0,0,0,0,0,1,0,1,0,0
Ricky Wagner,DET,0,0,0,0,0,2,0,2,0,0
Cameron Wake,MIA,0,0,0,0,0,21,14,35,5.5,44
DeMarcus Walker,DEN,0,0,0,0,0,2,2,4,1,6
Joe Walker,ARI,0,0,0,0,0,5,2,7,0,0
Aaron Wallace,TEN,0,0,0,0,0,0,2,2,0,0
Levi Wallace,BUF,0,0,0,0,0,23,14,37,0,0
Darren Waller,OAK,0,0,0,0,0,1,0,1,0,0
Leterrius Walton,PIT,0,0,0,0,0,2,0,2,0,0
Mark Walton,CIN,0,0,0,0,0,4,1,5,0,0
Charvarius Ward,KC,0,0,0,0,0,26,4,30,0,0
Jimmie Ward,SF,0,0,0,0,0,19,5,24,0,0
Jihad Ward,IND,0,0,0,0,0,4,0,4,3,12
Spencer Ware,KC,0,0,0,0,0,2,0,2,0,0
Fred Warner,SF,0,0,0,0,0,85,39,124,0,0
Adolphus Washington,CIN,0,0,0,0,0,4,4,8,1,8
Charles Washington,DET,0,0,0,0,0,5,1,6,0,0
Dwayne Washington,NO,0,0,0,0,0,3,0,3,0,0
James Washington,PIT,0,0,0,0,0,1,0,1,0,0
Carlos Watkins,HOU,0,0,0,0,0,2,1,3,1,2
Sammy Watkins,KC,0,0,0,0,0,1,0,1,0,0
Benjamin Watson,NO,0,0,0,0,0,1,0,1,0,0
Dekoda Watson,SF,0,0,0,0,0,4,2,6,2,10
Deshaun Watson,HOU,0,0,0,0,0,1,0,1,0,0
Justin Watson,TB,0,0,0,0,0,6,0,6,0,0
Derek Watt,LAC,0,0,0,0,0,3,3,6,0,0
J.J. Watt,HOU,0,0,0,0,0,47,14,61,16,119
T.J. Watt,PIT,0,0,0,0,0,51,17,68,13,87
Armani Watts,KC,0,0,0,0,0,3,2,5,1,10
Tress Way,WAS,0,0,0,0,0,1,0,1,0,0
Stephen Weatherly,MIN,0,0,0,0,0,23,12,35,3,19
Joe Webb,HOU,0,0,0,0,0,3,0,3,0,0
Kayvon Webster,HOU,0,0,0,0,0,1,0,1,0,0
Eric Weddle,BAL,0,0,0,0,0,54,14,68,1,9
Jonathan Weeks,HOU,0,0,0,0,0,0,1,1,0,0
Josh Wells,JAX,0,0,0,0,0,1,0,1,0,0
Carson Wentz,PHI,0,0,0,0,0,3,0,3,0,0
Charcandrick West,KC,0,0,0,0,0,2,0,2,0,0
Dede Westbrook,JAX,0,0,0,0,0,5,0,5,0,0
Ethan Westbrooks,LA,0,0,0,0,0,5,3,8,1,7
James White,NE,0,0,0,0,0,1,0,1,0,0
Cody Whitehair,CHI,0,0,0,0,0,4,0,4,0,0
Jermaine Whitehead,CLE,0,0,0,0,0,20,4,24,1,16
Jordan Whitehead,TB,0,0,0,0,0,61,15,76,0,0
Andrew Whitworth,LA,0,0,0,0,0,1,0,1,0,0
Cole Wick,SF,0,0,0,0,0,1,0,1,0,0
Kyle Wilber,OAK,0,0,0,0,0,10,5,15,0,0
J.J. Wilcox,IND,0,0,0,0,0,6,1,7,0,0
Muhammad Wilkerson,GB,0,0,0,0,0,2,3,5,0,0
Elijah Wilkinson,DEN,0,0,0,0,0,1,0,1,0,0
Brandon Williams,BAL,0,0,0,0,0,21,13,34,1,8
Brandon Williams,ARI,0,0,0,0,0,10,0,10,0,0
Chad Williams,ARI,0,0,0,0,0,1,0,1,0,0
Connor Williams,DAL,0,0,0,0,0,1,0,1,0,0
Damien Williams,KC,0,0,0,0,0,4,0,4,0,0
Darrel Williams,KC,0,0,0,0,0,1,0,1,0,0
K'Waun Williams,SF,0,0,0,0,0,40,5,45,0,0
Kyle Williams,BUF,0,0,0,0,0,22,13,35,5,38.5
Leonard Williams,NYJ,0,0,0,0,0,27,15,42,5,43.5
Marcus Williams,CHI,0,0,0,0,0,4,0,4,0,0
Maxx Williams,BAL,0,0,0,0,0,4,0,4,0,0
Mike Williams,LAC,0,0,0,0,0,3,0,3,0,0
Nicholas Williams,CHI,0,0,0,0,0,1,1,2,0,0
Nick Williams,TEN,0,0,0,0,0,1,0,1,0,0
Sylvester Williams,MIA,0,0,0,0,0,8,6,14,0,0
Tim Williams,BAL,0,0,0,0,0,6,4,10,2,21
Tramon Williams,GB,0,0,0,0,0,40,14,54,0,0
Tyrell Williams,LAC,0,0,0,0,0,3,0,3,0,0
Xavier Williams,KC,0,0,0,0,0,25,21,46,2.5,17
Jordan Willis,CIN,0,0,0,0,0,15,6,21,1,7
Luke Willson,DET,0,0,0,0,0,1,0,1,0,0
Albert Wilson,MIA,0,0,0,0,0,2,1,3,0,0
Brandon Wilson,CIN,0,0,0,0,0,6,5,11,0,0
Damien Wilson,DAL,0,0,0,0,0,28,9,37,1,13
Eric Wilson,MIN,0,0,0,0,0,31,11,42,2,13
Jarrod Wilson,JAX,0,0,0,0,0,19,2,21,0,0
Jesus Wilson,TB,0,0,0,0,0,5,0,5,0,0
Jeffery Wilson,SF,0,0,0,0,0,1,0,1,0,0
Kyle Wilson,LAC,0,0,0,0,0,2,0,2,0,0
Ramik Wilson,LA,0,0,0,0,0,26,9,35,0,0
Shaun Wilson,TB,0,0,0,0,0,1,0,1,0,0
Tavon Wilson,DET,0,0,0,0,0,30,6,36,1,4
James Winchester,KC,0,0,0,0,0,1,0,1,0,0
Mike Windt,LAC,0,0,0,0,0,0,1,1,0,0
Jameis Winston,TB,0,0,0,0,0,3,0,3,0,0
Anthony Wint,NYJ,0,0,0,0,0,1,0,1,0,0
Brian Winters,NYJ,0,0,0,0,0,1,0,1,0,0
Deatrich Wise,NE,0,0,0,0,0,15,15,30,4.5,25.5
Stefen Wisniewski,PHI,0,0,0,0,0,1,0,1,0,0
Ahkello Witherspoon,SF,0,0,0,0,0,30,7,37,0,0
Bryan Witzmann,CHI,0,0,0,0,0,2,0,2,0,0
Zach Wood,NO,0,0,0,0,0,1,0,1,0,0
Jonathan Woodard,MIA,0,0,0,0,0,8,2,10,1,7
Al Woods,IND,0,0,0,0,0,10,14,24,0,0
Antwaun Woods,DAL,0,0,0,0,0,15,19,34,1.5,3
Robert Woods,LA,0,0,0,0,0,2,0,2,0,0
Xavier Woodson-Luster,CLE,0,0,0,0,0,1,0,1,0,0
Wesley Woodyard,TEN,0,0,0,0,0,69,44,113,4.5,29.5
Chris Worley,CIN,0,0,0,0,0,1,1,2,0,0
Chris Wormley,BAL,0,0,0,0,0,13,3,16,1,6
Jerel Worthy,TB,0,0,0,0,0,2,1,3,0,0
Blidi Wreh-Wilson,ATL,0,0,0,0,0,3,1,4,0,0
Gabe Wright,OAK,0,0,0,0,0,0,1,1,0,0
Jarius Wright,CAR,0,0,0,0,0,1,0,1,0,0
K.J. Wright,SEA,0,0,0,0,0,15,8,23,0,0
Shareece Wright,HOU,0,0,0,0,0,25,7,32,0,0
Kerry Wynn,NYG,0,0,0,0,0,24,15,39,1.5,9
Marshal Yanda,BAL,0,0,0,0,0,1,0,1,0,0
Eddie Yarbrough,BUF,0,0,0,0,0,21,8,29,0,0
T.J. Yeldon,JAX,0,0,0,0,0,2,0,2,0,0
Kenny Young,BAL,0,0,0,0,0,40,11,51,2.5,5.5
Sam Young,MIA,0,0,0,0,0,1,0,1,0,0
Zach Zenner,DET,0,0,0,0,0,3,1,4,0,0
Anthony Zettel,CLE,0,0,0,0,0,7,7,14,0,0
Frank Zombo,KC,0,0,0,0,0,2,0,2,0,0
Greg Zuerlein,LA,0,0,0,0,0,1,0,1,0,0
Brandon Zylstra,MIN,0,0,0,0,0,1,0,1,0,0
